ABW,ABBEY WOOD
XAY,ABBOTSWOOD JN
ABE,ABER
ACY,ABERCYNON
ABA,ABERDARE
ABD,ABERDEEN
XAC,ABERDEEN CLAYHILLS CAR.M.D
AUR,ABERDOUR
AVY,ABERDOVEY
ABH,ABERERCH
AFD,ABERFFRWD
AGV,ABERGAVENNY
AGL,ABERGELE & PENSARN
XTL,ABERTILLERY
AYW,ABERYSTWYTH
XAE,ABINGDON HIGH STREET
ACR,ACCRINGTON
AAT,ACHANALT
ACN,ACHNASHEEN
ACH,ACHNASHELLACH
ACK,ACKLINGTON
ACL,ACLE
ACG,ACOCKS GREEN
ACB,ACTON BRIDGE
ACC,ACTON CENTRAL
AML,ACTON MAIN LINE
XAX,ACTON T.C.
ADD,ADDERLEY PARK
ADW,ADDIEWELL
ASN,ADDLESTONE
ADM,ADISHAM
ADC,ADLINGTON (CHESHIRE)
ADL,ADLINGTON (LANCASHIRE)
AWK,ADWICK
AIG,AIGBURTH
ANS,AINSDALE
AIN,AINTREE
AIR,AIRBLES
ADR,AIRDRIE
APN,AIRPORT (NEWCASTLE)
AYP,ALBANY PARK
ALB,ALBRIGHTON
ALG,ALDEBURGH
ALD,ALDERLEY EDGE
AMT,ALDERMASTON
XAK,ALDERSBROOK UP C.H.S.
AHT,ALDERSHOT
ZAE,ALDGATE EAST LT
AGT,ALDRINGTON
AAP,ALEXANDRA PALACE
AXP,ALEXANDRA PARADE
ALX,ALEXANDRIA
ALF,ALFRETON
XEW,ALLBROOK
ALW,ALLENS WEST
XAL,ALLERTON DEPOT
ALO,ALLOA
ASS,ALNESS
ALM,ALNMOUTH FOR ALNWICK
ARF,ALRESFORD
ALR,ALRESFORD (ESSEX)
ASG,ALSAGER
XCX,ALSTONE C. SIDINGS
ALN,ALTHORNE
ALP,ALTHORPE
ABC,ALTNABREAC
AON,ALTON
ATW,ALTON TOWERS
ALT,ALTRINCHAM
ALV,ALVECHURCH
ARP,ALVECHURCH RED LION PUB
AMB,AMBERGATE
XAJ,AMBERGATE JN
AMY,AMBERLEY
AMR,AMERSHAM
AMI,AMIENS
XIM,AMINGTON JUNCTION
AMW,AMLWCH
AMF,AMMANFORD
AMD,AMPFIELD (SCHOOL)
AMS,AMSTERDAM C.S.
ANC,ANCASTER
ANH,ANCHORAGE (METROLINK)
AND,ANDERSTON
ADV,ANDOVER
ANZ,ANERLEY
ANG,ANGMERING
ANN,ANNAN
ANL,ANNIESLAND
AFV,ANSDELL & FAIRHAVEN
APY,APPERLEY BRIDGE
APP,APPLEBY
APD,APPLEDORE (KENT)
APF,APPLEFORD
APB,APPLEY BRIDGE
APS,APSLEY
ARB,ARBROATH
ARD,ARDGAY
AUI,ARDLUI
XAT,ARDROSSAN E.M.U. SDG
ADS,ARDROSSAN HARBOUR
ASB,ARDROSSAN SOUTH BEACH
ADN,ARDROSSAN TOWN
ADK,ARDWICK
XRK,ARDWICK T.M.D
AGS,ARGYLE STREET
ARG,ARISAIG
ARW,ARKLOW
ARL,ARLESEY
ARM,ARMADALE
ARA,ARMADALE (SKYE)
AWT,ARMATHWAITE
ARN,ARNSIDE
ARR,ARRAM
ART,ARROCHAR & TARBET
ARU,ARUNDEL
XXA,ARUNDEL JN
ARZ,ARUNDEL LONDON ROAD
ACT,ASCOT
AUW,ASCOTT-UNDER-WYCHWOOD
ASH,ASH
AHV,ASH VALE
ABY,ASHBURYS
ASC,ASHCHURCH FOR TEWKESBURY
ASF,ASHFIELD
AFS,ASHFORD (MIDDLESEX)
XIE,ASHFORD EAST JN (CTRL)
AFK,ASHFORD INTERNATIONAL
XIW,ASHFORD WEST JN (CTRL)
ASY,ASHLEY
AHD,ASHTEAD
AHN,ASHTON-UNDER-LYNE
AHS,ASHURST
ABF,ASHURST BALD FACE STAG P.H
ANF,ASHURST NEW FOREST
AWM,ASHWELL & MORDEN
ASK,ASKAM
ALK,ASLOCKTON
ASP,ASPATRIA
APG,ASPLEY GUISE
AST,ASTON
ATH,ATHERSTONE
ATN,ATHERTON
ATT,ATTADALE
ATB,ATTENBOROUGH
ATE,ATTERCLIFFE
ATL,ATTLEBOROUGH
AUK,AUCHINLECK
AUD,AUDLEY END
AUG,AUGHTON PARK
XAF,AVEBURY RED LION
AVM,AVIEMORE
AVI,AVIGNON C M T
AVF,AVONCLIFF
AVN,AVONMOUTH
AXM,AXMINSTER
AYS,AYLESBURY
AVP,AYLESBURY VALE PARKWAY
AYL,AYLESFORD
AYH,AYLESHAM
XAN,AYNHO JN
AYR,AYR
XAR,AYR C.S.D.
BAC,BACHE
BAJ,BAGLAN
BAG,BAGSHOT
BLD,BAILDON
BIO,BAILLIESTON
BKZ,BAKEWELL SQUARE
BAB,BALCOMBE
BDK,BALDOCK
BAL,BALHAM
BHC,BALLOCH
BSI,BALMOSSIE
BMB,BAMBER BRIDGE
BAM,BAMFORD
BNV,BANAVIE
BAN,BANBURY
BNG,BANGOR (GWYNEDD)
BAH,BANK HALL
BAD,BANSTEAD
BSS,BARASSIE
ZBB,BARBICAN
BLL,BARDON MILL
BAR,BARE LANE
BGI,BARGEDDIE
BGD,BARGOED
BKG,BARKING
ZKB,BARKING L.T.
BGV,BARKING RIVERSIDE
BRT,BARLASTON
BPL,BARLASTON ORCHARD PLACE
BMG,BARMING
BRM,BARMOUTH
BNH,BARNEHURST
BNS,BARNES
BNI,BARNES BRIDGE
BTB,BARNETBY
BAA,BARNHAM
BNL,BARNHILL
BNY,BARNSLEY
BNX,BARNSLEY INTERCHANGE
BNP,BARNSTAPLE
BTG,BARNT GREEN
ZBQ,BARONS COURT LT
BRR,BARRHEAD
BRL,BARRHILL
XBF,BARROW C.S.
BAV,BARROW HAVEN
BWS,BARROW UPON SOAR
BIF,BARROW-IN-FURNESS
BRY,BARRY
BYD,BARRY DOCKS
BYI,BARRY ISLAND
BYL,BARRY LINKS
XUN,BARTON UNDER NEEDWOOD RSMD
BAU,BARTON-ON-HUMBER
BSO,BASILDON
BSK,BASINGSTOKE
XBS,BASINGSTOKE BARTN ML C.S.D
XDF,BASINGSTOKE DN E END SDG
XBT,BASINGSTOKE DOWN YARD
XBZ,BASINGSTOKE WEST YARD
BBL,BAT & BALL
XDO,BATH BUS STATION
BTH,BATH SPA
BHG,BATHGATE
BTL,BATLEY
BTT,BATTERSBY
BAK,BATTERSEA PARK
BAT,BATTLE
BLB,BATTLESBRIDGE
BAY,BAYFORD
BCF,BEACONSFIELD
BER,BEARLEY
BRN,BEARSDEN
BSD,BEARSTED
BSL,BEASDALE
BEU,BEAULIEU ROAD
BEL,BEAULY
BEB,BEBINGTON
BCC,BECCLES
BEC,BECKENHAM HILL
BKJ,BECKENHAM JUNCTION
ZBZ,BECONTREE
BDM,BEDFORD
XDW,BEDFORD BUS STATION
BSJ,BEDFORD ST JOHNS
BDH,BEDHAMPTON
BMT,BEDMINSTER
BEH,BEDWORTH
BDW,BEDWYN
BEE,BEESTON
BKS,BEKESBOURNE
XBX,BELFAIRS BUS
BFC,BELFAST CENTRAL
BFQ,BELFAST DONEGALL QUAY
XBB,BELFAST G.P.O.
BFA,BELFAST PORT
BFB,BELFORD BUS
XKB,BELLE ISLE
BLV,BELLE VUE
BLG,BELLGROVE
BGM,BELLINGHAM
BLH,BELLSHILL
BLM,BELMONT
BLP,BELPER
BEG,BELTRING
BVD,BELVEDERE
BEM,BEMPTON
BEY,BEN RHYDDING
BEF,BENFLEET
XJB,BENHAR JN
BEN,BENTHAM
BTY,BENTLEY
BYK,BENTLEY (S.YORKS)
BNO,BENTON (METRO)
BAS,BERE ALSTON
BFE,BERE FERRERS
BKM,BERKHAMSTED
BKW,BERKSWELL
ZEO,BERMONDSEY LRT
BEP,BERMUDA PARK
BYA,BERNEY ARMS
BBW,BERRY BROW
BRS,BERRYLANDS
BRK,BERWICK
BWK,BERWICK-UPON-TWEED
BES,BESCAR LANE
XBY,BESCOT DOWN SIDE
BSC,BESCOT STADIUM
BOB,BESSES-O'-TH'-BARN
BTO,BETCHWORTH
BET,BETHNAL GREEN
BBR,BETTEMBOURG
BYC,BETWS-Y-COED
BEV,BEVERLEY
BEW,BEWDLEY
BEX,BEXHILL
BXY,BEXLEY
BXH,BEXLEYHEATH
XEZ,BICESTER BURE PLACE
BCS,BICESTER NORTH
XJV,BICESTER SOUTH JUNCTION
BIT,BICESTER VILLAGE
BKL,BICKLEY
XLY,BICKLEY JN
BID,BIDSTON
BIW,BIGGLESWADE
BBK,BILBROOK
BIC,BILLERICAY
BIL,BILLINGHAM
BIG,BILLINGSHURST
BIN,BINGHAM
BIY,BINGLEY
BCG,BIRCHGROVE
BCH,BIRCHINGTON-ON-SEA
BWD,BIRCHWOOD
BIK,BIRKBECK
BDL,BIRKDALE
BKI,BIRKENHEAD 12 QUAYS
BKC,BIRKENHEAD CENTRAL
BKN,BIRKENHEAD NORTH
XDB,BIRKENHEAD NORTH E.M.U.D
BKP,BIRKENHEAD PARK
XFG,BIRMINGHAM AIRPORT (BUS)
XNE,BIRMINGHAM INT'L BUS STN
BHI,BIRMINGHAM INTERNATIONAL
BMO,BIRMINGHAM MOOR STREET
BHM,BIRMINGHAM NEW STREET
BSW,BIRMINGHAM SNOW HILL
BIA,BISHOP AUCKLAND
BBG,BISHOPBRIGGS
XLU,BISHOPS LYDEARD HITHERMEAD
BIB,BISHOPS LYDEARD WS RWY
BIS,BISHOPS STORTFORD
BIP,BISHOPSTONE
BST,BISHOPSTONE (HILL RISE)
BPT,BISHOPTON
BTE,BITTERNE
BBN,BLACKBURN
BKH,BLACKHEATH
BHO,BLACKHORSE ROAD
BPN,BLACKPOOL NORTH
XNS,BLACKPOOL NORTH CAR. M.D.
BPB,BLACKPOOL PLEASURE BEACH
BPS,BLACKPOOL SOUTH
BKR,BLACKRIDGE
BLK,BLACKROD
BAW,BLACKWATER
XKW,BLACKWOOD
BFF,BLAENAU FFESTINIOG
BCW,BLAENCWM
BLZ,BLAENRHONDDA
BLA,BLAIR ATHOLL
BAI,BLAIRHILL
BKT,BLAKE STREET
BKD,BLAKEDOWN
BLT,BLANTYRE
BLO,BLAYDON
BSB,BLEASBY
BHP,BLENHEIM PALACE
BLY,BLETCHLEY
XBL,BLETCHLEY C.S.
XBQ,BLETCHLEY T.M.D.
XYB,BLETCHLEY YARD
BLX,BLOXWICH
BWN,BLOXWICH NORTH
BLN,BLUNDELLSANDS & CROSBY
BYB,BLYTHE BRIDGE
BGR,BOAT OF GARTEN
BUM,BOCHUM HBF
BDF,BODMIN MOUNT FOLLY
BOD,BODMIN PARKWAY
BOR,BODORGAN
BOG,BOGNOR REGIS
XBN,BOGNOR REGIS C.H.S.
BGS,BOGSTON
BON,BOLTON
BTD,BOLTON-UPON-DEARNE
BDS,BOND STREET
BNJ,BONN HBF
BKA,BOOKHAM
BOC,BOOTLE
BNW,BOOTLE NEW STRAND
BOT,BOOTLE ORIEL ROAD
XOP,BOPEEP JN S.B.
BOX,BORDEAUX ST. JEAN
BBS,BORDESLEY
XIR,BORDESLEY JN
BDZ,BORDON CAMP (FIRE STATION)
BRG,BOROUGH GREEN & WROTHAM
BRH,BORTH
BOH,BOSHAM
BSN,BOSTON
XBG,BOTANIC GARDENS D.M.U.D.
BOE,BOTLEY
BTF,BOTTESFORD
BOU,BOULOGNE MARITIME
XGD,BOUNDS GREEN T&R.S.M.D
XIB,BOURG ST MAURICE
BNE,BOURNE END
XOE,BOURNE END JN (HERTS)
BMH,BOURNEMOUTH
BHA,BOURNEMOUTH HURN AIRPORT
XBM,BOURNEMOUTH T&R.S.M.D
BRV,BOURNVILLE
BWB,BOW BRICKHILL
XOW,BOW JUNCTION
BOW,BOW STREET
BOP,BOWES PARK
BKV,BOWKER VALE
BWG,BOWLING
BXW,BOX HILL & WESTHUMBLE
BXX,BOXHILL BURFORD BDGE HOTEL
BCE,BRACKNELL
BDQ,BRADFORD FORSTER SQUARE
BDI,BRADFORD INTERCHANGE
BOA,BRADFORD-ON-AVON
BDN,BRADING
BTR,BRAINTREE
BTP,BRAINTREE FREEPORT
BML,BRAMHALL
BLE,BRAMLEY
BMY,BRAMLEY (HANTS)
BMP,BRAMPTON (CUMBRIA)
BRP,BRAMPTON (SUFFOLK)
BCN,BRANCHTON
BND,BRANDON
BSM,BRANKSOME
BZY,BRAY
BYS,BRAYSTONES
BEO,BRECON
BDY,BREDBURY
BRC,BREICH
BFD,BRENTFORD
BRE,BRENTWOOD
BCZ,BRENT CROSS WEST
BWO,BRICKET WOOD
XLJ,BRICKLAYERS ARMS JN
BEA,BRIDGE OF ALLAN
BRO,BRIDGE OF ORCHY
BGN,BRIDGEND
BDG,BRIDGETON
BWT,BRIDGWATER
BDT,BRIDLINGTON
BRF,BRIERFIELD
BGG,BRIGG
BGH,BRIGHOUSE
BTN,BRIGHTON
XBP,BRIGHTON DOWN SIDING
XDV,BRIGHTON L.H.S
XMP,BRIGHTON MONTPELIER C.H.S.
BMD,BRIMSDOWN
BNT,BRINNINGTON
XHL,BRISTOL BARTON HILL W.R.D.
XAB,BRISTOL HSS
XPB,BRISTOL INTERNATL AIRPORT
BPW,BRISTOL PARKWAY
XDU,BRISTOL T.M. STN. APPROACH
BRI,BRISTOL TEMPLE MEADS
BHD,BRITHDIR
RBS,BRITISH STEEL REDCAR
BNF,BRITON FERRY
BRX,BRIXTON
BGE,BROAD GREEN
BDB,BROADBOTTOM
BDD,BROADFORD
BSR,BROADSTAIRS
BRD,BROADWAY (METROLINK)
BCU,BROCKENHURST
BHS,BROCKHOLES
BCY,BROCKLEY
BNR,BROCKLEY WHINS
BDC,BRODICK
BOM,BROMBOROUGH
BMR,BROMBOROUGH RAKE
BMC,BROMLEY CROSS
BMN,BROMLEY NORTH
BMS,BROMLEY SOUTH
ZBW,BROMLEY-BY-BOW LT
BMV,BROMSGROVE
BSY,BRONDESBURY
BSP,BRONDESBURY PARK
BOK,BROOKLANDS
BPK,BROOKMANS PARK
BKO,BROOKWOOD
BME,BROOME
BMF,BROOMFLEET
BRA,BRORA
BUH,BROUGH
BYF,BROUGHTY FERRY
XBA,BROWNHILL JN
BXB,BROXBOURNE
BCV,BRUCE GROVE
BDA,BRUNDALL
BGA,BRUNDALL GARDENS
BSU,BRUNSTANE
BRW,BRUNSWICK
BRU,BRUTON
BXS,BRUXELLES MIDI
BYN,BRYN
BUC,BUCKENHAM
BFL,BUCKFASTLEIGH
XEY,BUCKINGHAM TESCO
XUK,BUCKLAND JN
BCK,BUCKLEY
XBU,BUCKLEY WELLS CS(E.L.RLY)
BUK,BUCKNELL
BSV,BUCKSHAW PARKWAY
BUA,BUDE STRAND
BGL,BUGLE
BHR,BUILTH ROAD
BLW,BULWELL
BUE,BURES
BUG,BURGESS HILL
BUY,BURLEY PARK
BUW,BURLEY-IN-WHARFEDALE
BNA,BURNAGE
BUD,BURNESIDE
BNM,BURNHAM
BMK,BURNHAM MARKET
BUU,BURNHAM-ON-CROUCH
BUB,BURNLEY BARRACKS
BNC,BURNLEY CENTRAL
BYM,BURNLEY MANCHESTER ROAD
BUI,BURNSIDE
BTS,BURNTISLAND
BCB,BURSCOUGH BRIDGE
BCJ,BURSCOUGH JUNCTION
BUO,BURSLEDON
BUJ,BURTON JOYCE
BUT,BURTON-ON-TRENT
BUR,BURY
BSE,BURY ST EDMUNDS
XSG,BURY STREET JN
BUS,BUSBY
BHK,BUSH HILL PARK
XBJ,BUSHBURY JN
BSH,BUSHEY
BUL,BUTLERS LANE
BXD,BUXTED
BUX,BUXTON
BUZ,BUXTON (MARKET PLACE)
BFN,BYFLEET & NEW HAW
BYE,BYNEA
CAD,CADOXTON
CSQ,CAERAU (SQUARE)
XKC,CAERAU PARK
CGW,CAERGWRLE
CPH,CAERPHILLY
CWS,CAERSWS
CRP,CAIRNRYAN (LOCH RYAN PORT)
FRH,CALAIS FRETHUN GARE VGRS
CAL,CALAIS MARITIME
CAC,CALDERCRUIX
CDT,CALDICOT
CIR,CALEDONIAN RD & BARNSBURY
XAH,CALLINGTON NEW ROAD
XAI,CALNE STRAND
CSK,CALSTOCK
CDU,CAM & DURSLEY
CAM,CAMBERLEY
CBN,CAMBORNE
CBG,CAMBRIDGE
CBH,CAMBRIDGE HEATH
CMB,CAMBRIDGE NORTH
XEC,CAMBRIDGE PARKSIDE
XCA,CAMBRIDGE T.&R.S.M.D.
CBL,CAMBUSLANG
XCM,CAMDEN C.S.D.
CMD,CAMDEN ROAD
CMO,CAMELON
CBT,CAMPBELTOWN
ZCW,CANADA WATER
CWX,CANARY WHARF
CNL,CANLEY
CNA,CANNA
CAO,CANNOCK
CNN,CANONBURY
XIC,CANONBURY ELL
XJC,CANONBURY WEST JN
CBE,CANTERBURY EAST
CBW,CANTERBURY WEST
CNY,CANTLEY
XPC,CANTON SIDINGS
XHH,CANVEY HAYSTACK CORNER
XLQ,CANVEY LEIGH BECK
XLR,CANVEY LINK ROAD & DINANT
CPB,CAPEL BANGOR
CPU,CAPENHURST
CBB,CARBIS BAY
CAE,CARBROOK
CDD,CARDENDEN
CDB,CARDIFF BAY
XCC,CARDIFF CANTON SIDINGS
CDF,CARDIFF CENTRAL
CCB,CARDIFF CENTRAL BUS STN
XCF,CARDIFF INTERNATIONAL APT
CDQ,CARDIFF QUEEN STREET
CDO,CARDONALD
CDR,CARDROSS
CRF,CARFIN
CAK,CARK
CAR,CARLISLE
XKY,CARLISLE N.Y.
CTO,CARLTON
CLU,CARLUKE
CMN,CARMARTHEN
XCI,CARMARTHEN JN
CML,CARMYLE
CAB,CARN BREA
CNF,CARNFORTH
XCS,CARNFORTH D&U.G.L.
XOA,CARNFORTH NORTH JN
CAN,CARNOUSTIE
CAY,CARNTYNE
CPK,CARPENDERS PARK
CAG,CARRBRIDGE
CKU,CARRICK-ON-SUIR
CSH,CARSHALTON
CSB,CARSHALTON BEECHES
CRS,CARSTAIRS
CDY,CARTSDYKE
CBP,CASTLE BAR PARK
CLC,CASTLE CARY
XDD,CASTLE DONINGTON
CAQ,CASTLE HOWARD
CAX,CASTLE SQUARE
CTB,CASTLEBAY
CFD,CASTLEFORD
CAS,CASTLETON
CSM,CASTLETON MOOR
CAT,CATERHAM
CTF,CATFORD
CFB,CATFORD BRIDGE
CYS,CATHAYS
CCT,CATHCART
CTL,CATTAL
XGO,CATTERICK CAMP CENTRE
CAZ,CATTERICK GARRISON KEMMEL
CGT,CATTERICK GARRISON TESCO
CAU,CAUSELAND
CYB,CEFN-Y-BEDD
CER,CERBERE
CTH,CHADWELL HEATH
CFH,CHAFFORD HUNDRED
CFO,CHALFONT & LATIMER
CHW,CHALKWELL
CMC,CHAMBERY-CHALLES-LES-EAUX
CFR,CHANDLERS FORD
CEF,CHAPEL-EN-LE-FRITH
CPN,CHAPELTON
CLN,CHAPELTOWN
CWC,CHAPPEL & WAKES COLNE
CHG,CHARING
CHC,CHARING CROSS
XXB,CHARING CROSSOVER (CTRL)
CBY,CHARLBURY
CVG,CHARLBURY VILLAGE
CHV,CHARLEVILLE-MEZIERES
CTN,CHARLTON
XEV,CHART LEACON T&R.S.M.D
CRT,CHARTHAM
CSR,CHASSEN ROAD
CTE,CHATELHERAULT
CTM,CHATHAM
XXD,CHATHAM DOCKYARD
CHT,CHATHILL
CHU,CHEADLE HULME
CHE,CHEAM
CED,CHEDDINGTON
XCE,CHEETHAM HILL C.S.
CEL,CHELFORD
CHM,CHELMSFORD
CLD,CHELSFIELD
CRC,CHELTENHAM RACECOURSE
CNM,CHELTENHAM SPA
CPW,CHEPSTOW
CYH,CHERRY HINTON
CYT,CHERRY TREE
CHY,CHERTSEY
CHN,CHESHUNT
CSN,CHESSINGTON NORTH
CSS,CHESSINGTON SOUTH
CTR,CHESTER
XCH,CHESTER D.M.U.D.
CRD,CHESTER ROAD
XCZ,CHESTER YARD
CLS,CHESTER-LE-STREET
CHD,CHESTERFIELD
CSW,CHESTFIELD & SWALECLIFFE
CNO,CHETNOLE
CCH,CHICHESTER
CIL,CHILHAM
CHL,CHILWORTH
CHI,CHINGFORD
CLY,CHINLEY
XCQ,"CHINNOR, THE RED LION"
CPM,CHIPPENHAM
XDM,CHIPPENHAM COCKLEBURY ROAD
XDN,CHIPPENHAM NEW RD BUS STOP
CPG,CHIPPING NORTON WEST ST
CHP,CHIPSTEAD
CRK,CHIRK
CIT,CHISLEHURST
CHK,CHISWICK
CHO,CHOLSEY
XLN,CHOLSEY & WALLINGFORD RLY
CRL,CHORLEY
CLW,CHORLEYWOOD
CHR,CHRISTCHURCH
CHH,CHRISTS HOSPITAL
CTW,CHURCH & OSWALDTWISTLE
CHF,CHURCH FENTON
CTT,CHURCH STRETTON
XYR,CHURCHYARD SDGS CASTLE CEM
CHS,CHURSTON T&D RLY
CIM,CILMERI
CTK,CITY THAMESLINK
XLC,CLACTON C.S.D.
CLT,CLACTON-ON-SEA
CLA,CLANDON
CPY,CLAPHAM (NTH YORKSHIRE)
CLP,CLAPHAM HIGH STREET
XCP,CLAPHAM JN. C.S.
CLJ,CLAPHAM JUNCTION
XYM,CLAPHAM YARD
CPT,CLAPTON
CLR,CLARBESTON ROAD
CKS,CLARKSTON
CLV,CLAVERDON
CLG,CLAYGATE
CLE,CLEETHORPES
CEA,CLELAND
XLF,CLIFFE BRETT MARINE
CLI,CLIFTON
CFN,CLIFTON DOWN
CLH,CLITHEROE
CLK,CLOCK HOUSE
CLX,CLONMEL
CUW,CLUNDERWEN
XCJ,CLUNYBRIDGE JN
CYK,CLYDEBANK
CBC,COATBRIDGE CENTRAL
CBS,COATBRIDGE SUNNYSIDE
COA,COATDYKE
CSD,COBHAM & STOKE D'ABERNON
COX,COCKERMOUTH (MAIN STREET)
ZCK,COCKFOSTERS LUL
CSL,CODSALL
CGN,COGAN
COL,COLCHESTER
XLG,COLCHESTER C.S.D.
XLP,COLCHESTER T.C.
CET,COLCHESTER TOWN
CEH,COLESHILL PARKWAY
CLO,COLL
CLM,COLLINGHAM
CLL,COLLINGTON
CNE,COLNE
CYA,COLONSAY
CWL,COLWALL
XCO,COLWICH
CWB,COLWYN BAY
CME,COMBE
COM,COMMONDALE
CNG,CONGLETON
CNS,CONISBROUGH
CON,CONNEL FERRY
CBD,CONON BRIDGE
CEY,CONONLEY
CNP,CONWAY PARK
CNW,CONWY
COB,COODEN BEACH
COO,COOKHAM
CBR,COOKSBRIDGE
COE,COOMBE JUNCTION HALT
XMI,COPPERMILL JUNCTION
COP,COPPLESTONE
CRB,CORBRIDGE
COR,CORBY
CBZ,CORBY GEORGE STREET
CFC,CORFE CASTLE (SWANAGE R)
COK,CORK
COF,CORK RINGASKIDDY FERRYPORT
CKH,CORKERHILL
XCK,CORKERHILL C.S.M.D.
CKL,CORKICKLE
COZ,CORNBROOK (METROLINK)
CPA,CORPACH
CRR,CORROUR
XAO,CORSHAM NEWLANDS ROAD
COY,CORYTON
CSY,COSELEY
COS,COSFORD
CSA,COSHAM
CGM,COTTINGHAM
COT,COTTINGLEY
CDS,COULSDON SOUTH
CDN,COULSDON TOWN
COV,COVENTRY
CAA,COVENTRY ARENA
CWN,COWDEN
COC,COWDEN CROSSROADS
COW,COWDENBEATH
XCW,COWES THETIS WHARF
CPS,COWPLAIN (SHOPS)
CRA,CRADLEY HEATH
CGD,CRAIGENDORAN
XCN,CRAIGENTINNY T.&R.S.M.D
CRU,CRAIGNURE
CRM,CRAMLINGTON
CBK,CRANBROOK
CRV,CRAVEN ARMS
CRW,CRAWLEY
XYC,CRAWLEY NEW YARD
CRY,CRAYFORD
CDI,CREDITON
CES,CRESSING
CSG,CRESSINGTON
CWD,CRESWELL (DERBYS)
CRE,CREWE
XXM,CREWE BAS HALL S.S.M.
XXC,CREWE BAS HALL S.S.N.
XCR,CREWE C.S.
XCT,CREWE SOUTH YARD
CKN,CREWKERNE
CWH,CREWS HILL
CNR,CRIANLARICH
CCC,CRICCIETH
CIN,CRICKET INN ROAD
CRI,CRICKLEWOOD
XXG,CRISMILL CROSSOVER
XNF,CROES NEWYDD NORTH FORK
CFF,CROFTFOOT
XRF,CROFTON DEPOT
CFT,CROFTON PARK
CMR,CROMER
CMF,CROMFORD
CKT,CROOKSTON
CRG,CROSS GATES
CKY,CROSS KEYS
CFL,CROSSFLATTS
COI,CROSSHILL
CMY,CROSSMYLOOF
CSO,CROSTON
CRH,CROUCH HILL
COH,CROWBOROUGH
CWU,CROWHURST
CWE,CROWLE
CRN,CROWTHORNE
ZCO,CROXLEY (LUL)
CRO,CROY
CRJ,CRUMPSALL
CYP,CRYSTAL PALACE
CUD,CUDDINGTON
CUF,CUFFLEY
XAM,CULDROSE (R.N.A.S.)
CUM,CULHAM
XDX,CULLOMPTON MARKET HOUSE
CUA,CULRAIN
CUB,CUMBERNAULD
CUL,CUMBRAE SLIP
CUP,CUPAR
CUH,CURRIEHILL
CUS,CUSTOM HOUSE
CUX,CUXTON
CMH,CWMBACH
CWM,CWMBRAN
CYN,CYNGHORDY
DDK,DAGENHAM DOCK
ZDE,DAGENHAM EAST L.T.
XXH,DAGENHAM JUNCTION
DSY,DAISY HILL
DAG,DALGETY BAY
DAL,DALMALLY
DAK,DALMARNOCK
DAM,DALMENY
DMR,DALMUIR
DLR,DALREOCH
DLY,DALRY
DLS,DALSTON
DLJ,DALSTON JUNCTION STN ELL
DLK,DALSTON KINGSLAND
DLT,DALTON
DLW,DALWHINNIE
DNY,DANBY
DRD,DANE ROAD
DCT,DANESCOURT
DZY,DANZEY
DFZ,DARFIELD ROUNDABOUT
DAR,DARLINGTON
DAN,DARNALL
DSM,DARSHAM
DFD,DARTFORD
XDT,DARTFORD C.S.
XRT,DARTFORD JN
XMT,DARTMOUTH
XAP,DARTMOUTH PONTOON
DRT,DARTON
DWN,DARWEN
DAT,DATCHET
DVN,DAVENPORT
DWL,DAWLISH
DWW,DAWLISH WARREN
DAX,DAX
DEA,DEAL
DEN,DEAN
DNN,DEAN LANE
DGT,DEANSGATE
DGY,DEGANWY
DHN,DEIGHTON
DLM,DELAMERE
DHS,DEN HAAG CS
DBD,DENBY DALE
DNM,DENHAM
DGC,DENHAM GOLF CLUB
DMK,DENMARK HILL
DNT,DENT
DTN,DENTON
DEP,DEPTFORD
ZDB,DEPTFORD BRIDGE DLR
DBY,DERBY
DBR,DERBY ROAD
DEB,DEREHAM MARKET PLACE
DKR,DERKER (METRO)
DVB,DEVIL'S BRIDGE
XAQ,DEVIZES MARKET PLACE
DPT,DEVONPORT
DEW,DEWSBURY
DID,DIDCOT PARKWAY
DIE,DIEPPE
DIG,DIGBY & SOWTON
DMH,DILTON MARSH
DNS,DINAS POWYS
DMG,DINAS RHONDDA
DGL,DINGLE ROAD
DIN,DINGWALL
DND,DINSDALE
DTG,DINTING
DSL,DISLEY
DIS,DISS
DBB,DOBBS BROW
DOC,DOCKYARD
DOD,DODWORTH
DOL,DOLAU
DLH,DOLEHAM
DLG,DOLGARROG
XLM,DOLLANDS MOOR SDGS
XTP,DOLLANDS MOOR T.P.L.
DWD,DOLWYDDELAN
DON,DONCASTER
DOZ,DONCASTER INTERCHANGE
XWV,DONCASTER WEST YARD
DCH,DORCHESTER SOUTH
DCW,DORCHESTER WEST
DOR,DORE & TOTLEY
DKG,DORKING
DPD,DORKING DEEPDENE
DKT,DORKING WEST
DMS,DORMANS
DDG,DORRIDGE
DTM,DORTMUND HBF
DGS,DOUGLAS (ISLE OF MAN)
DVH,DOVE HOLES
DVP,DOVER PRIORY
DVC,DOVERCOURT
DVY,DOVEY JUNCTION
DOW,DOWNHAM MARKET
DRG,DRAYTON GREEN
DRY,DRAYTON MANOR PARK
DYP,DRAYTON PARK
DRM,DREM
DRF,DRIFFIELD
DRI,DRIGG
DTW,DROITWICH SPA
DRO,DRONFIELD
DMC,DRUMCHAPEL
DFR,DRUMFROCHAR
DRU,DRUMGELLOCH
DMY,DRUMRY
DCL,DUBLIN CONNOLLY
DFP,DUBLIN FERRYPORT
DHT,DUBLIN HEUSTON
DPS,DUBLIN PORT - STENA
DUD,DUDDESTON
DDP,DUDLEY PORT
DFI,DUFFIELD
DUT,DUFFTOWN
DRN,DUIRINISH
DUI,DUISBURG HBF
DST,DUKE STREET
DUL,DULLINGHAM
DLE,DULOE (CAUSELAND)
DBC,DUMBARTON CENTRAL
DBE,DUMBARTON EAST
DUM,DUMBRECK
DMF,DUMFRIES
DMP,DUMPTON PARK
DLO,DUN LAOGHAIRE
DDB,DUN LAOGHAIRE MALIN
DUN,DUNBAR
DBL,DUNBLANE
DCG,DUNCRAIG
DEE,DUNDEE
XDE,DUNDEE H.S.
DUE,DUNDEE WEST T.C.
DFL,DUNFERMLINE QUEEN MARGARET
DFE,DUNFERMLINE TOWN
DKD,DUNKELD & BIRNAM
DNL,DUNLOP
DUO,DUNOON
DNO,DUNROBIN CASTLE
DUU,DUNS
XAD,DUNSTABLE
XDY,DUNSTER STEEP
DOT,DUNSTON
DNG,DUNTON GREEN
DHM,DURHAM
DUR,DURRINGTON-ON-SEA
DUS,DUSSELDORF HBF
DYC,DYCE
DYF,DYFFRYN ARDUDWY
XYX,E MIDS DESIGNER OUTLET
EAG,EAGLESCLIFFE
EAL,EALING BROADWAY
ERL,EARLESTOWN
EAR,EARLEY
ZET,EARLS COURT L.T.
EAD,EARLSFIELD
EAS,EARLSTON
ELD,EARLSWOOD (SURREY)
EWD,EARLSWOOD (WEST MIDLANDS)
EBL,EAST BOLDON
ECW,EAST COWES
ECR,EAST CROYDON
EDY,EAST DIDSBURY
EDW,EAST DULWICH
EFL,EAST FARLEIGH
EGF,EAST GARFORTH
EGR,EAST GRINSTEAD
XEM,EAST HAM E.M.U.D.
ZEH,EAST HAM LT
EKL,EAST KILBRIDE
ELT,EAST LINTON
EML,EAST MALLING
EMA,EAST MIDLANDS AIRPORT (BUS
EMD,EAST MIDLANDS PARKWAY
XFI,EAST MIDS AIPORT (BUS) 2
ZPU,EAST PUTNEY
ETL,EAST TILBURY
EWR,EAST WORTHING
EBN,EASTBOURNE
XEB,EASTBOURNE C.S.
EBK,EASTBROOK
EST,EASTERHOUSE
XED,EASTFIELD H.S.
ERA,EASTHAM RAKE
ESL,EASTLEIGH
XFB,EASTLEIGH ARLINGTON (ZG)
XEX,EASTLEIGH D.C.S.
XEH,EASTLEIGH TRSMD
EGN,EASTRINGTON
XXI,EBBSFLEET E JN
EBF,EBBSFLEET INTERNATIONAL
EBD,EBBSFLEET INTL (DOMESTIC)
XXJ,EBBSFLEET W JN
EBV,EBBW VALE PARKWAY
EBB,EBBW VALE TOWN
ECC,ECCLES
ECM,ECCLES (METROLINK)
ECS,ECCLES ROAD
ECL,ECCLESTON PARK
EDL,EDALE
EDZ,EDEN CAMP
EDN,EDEN PARK
XFJ,EDEN PROJECT
EBR,EDENBRIDGE
EBT,EDENBRIDGE TOWN
EDG,EDGE HILL
XEG,EDGE HILL DEPOT
XDG,EDGE HILL DOWN WAPPING
ZED,EDGWARE (LUL)
EDB,EDINBURGH
EDA,EDINBURGH AIRPORT
EBS,EDINBURGH BUS STATION
EGY,EDINBURGH GATEWAY
EDP,EDINBURGH PARK
EDR,EDMONTON GREEN
XEJ,EFFINGHAM JN. C.H.S.
EFF,EFFINGHAM JUNCTION
XFF,EFFINGHAM JUNCTION NECK
EGG,EGGESFORD
EGH,EGHAM
EGT,EGTON
EIG,EIGG
EPH,ELEPHANT & CASTLE
ZEL,ELEPHANT & CASTLE (LT)
ELG,ELGIN
ELN,ELLAND
ELP,ELLESMERE PORT
ELE,ELMERS END
ESD,ELMSTEAD WOODS
ESW,ELMSWELL
ELR,ELSECAR
ESM,ELSENHAM
ELS,ELSTREE & BOREHAMWOOD
ELW,ELTHAM
ELO,ELTON & ORSTON
ELY,ELY
XYE,ELY NORTH JN
ZEK,EMBANKMENT LT
EMP,EMERSON PARK
EMS,EMSWORTH
ECP,ENERGLYN & CHURCHILL PARK
ENC,ENFIELD CHASE
ENL,ENFIELD LOCK
ENF,ENFIELD TOWN
XES,ENGINE SHED JN.
ENS,ENNISCORTHY
ENT,ENTWISTLE
EPS,EPSOM
XFK,EPSOM - UP SIDINGS
EPD,EPSOM DOWNS
ERD,ERDINGTON
ERI,ERIDGE
ERB,ERIDGE (A26 BUS STOP)
ERH,ERITH
ESH,ESHER
EKB,ESKBANK
ESS,ESSEN HBF
EXR,ESSEX ROAD
XEP,ETCHES PARK SDGS
ETC,ETCHINGHAM
XEN,EUSTON R.E.S.
XEU,EUSTON UP CARRIAGE SHED
EBA,EUXTON BALSHAW LANE
XOU,EUXTON JN
EVE,EVESHAM
EWE,EWELL EAST
EWW,EWELL WEST
EXQ,EXCHANGE QUAY (METROLINK)
XXT,EXETER AIRPORT
EXC,EXETER CENTRAL
XFL,EXETER NEW YARD
EXD,EXETER ST DAVIDS
XXF,EXETER ST DAVIDS FP
EXT,EXETER ST THOMAS
EXG,EXHIBITION CENTRE
EXM,EXMOUTH
EXN,EXTON
EYN,EYNSFORD
EYM,EYNSHAM CHURCH
FLS,FAILSWORTH (METRO)
FRB,FAIRBOURNE
FRF,FAIRFIELD
FRL,FAIRLIE
FRW,FAIRWATER
FCN,FALCONWOOD
FKG,FALKIRK GRAHAMSTON
FKK,FALKIRK HIGH
XFA,FALKLAND S.S.
FOC,FALLS OF CRUACHAN
FMR,FALMER
FAL,FALMOUTH DOCKS
FMT,FALMOUTH TOWN
FRM,FAREHAM
FNB,FARNBOROUGH (MAIN)
FNN,FARNBOROUGH NORTH
FNC,FARNCOMBE
FNH,FARNHAM
XFM,FARNHAM C.S.D.
XFN,FARNHAM EMU SIDINGS
FNR,FARNINGHAM ROAD
FNW,FARNWORTH
ZFD,FARRINGDON
FDX,FARRINGDON CROSSRAIL
FLD,FAULDHOUSE
FAV,FAVERSHAM
XJN,FAWKHAM JN NR/CTRL BNDRY
XWK,FAWKHAM JUNCTION
FGT,FAYGATE
FAZ,FAZAKERLEY
FRN,FEARN
FEA,FEATHERSTONE
FLX,FELIXSTOWE
FEG,FELLGATE
FEL,FELTHAM
FNT,FENITON
XFC,FENNY COMPTON
FEN,FENNY STRATFORD
XFD,FERME PARK RECP.
FED,FERNDALE
FER,FERNHILL
FRY,FERRIBY
FYS,FERRYSIDE
FFA,FFAIRFACH
FIL,FILEY
FIT,FILTON ABBEY WOOD
FNY,FINCHLEY ROAD & FROGNAL
ZFR,FINCHLEY ROAD LT
FGY,FINNINGLEY
FPK,FINSBURY PARK
FIN,FINSTOCK
FSB,FISHBOURNE (SUSSEX)
FSG,FISHERSGATE
FGW,FISHGUARD & GOODWICK
FGH,FISHGUARD HARBOUR
XFH,FISHGUARD HARBOUR SIDING
FSK,FISKERTON
FIZ,FITZALAN SQUARE
FZW,FITZWILLIAM
FWY,FIVE WAYS
FLZ,FLAMINGO LAND
FLE,FLEET
FLM,FLIMBY
FLN,FLINT
FLT,FLITWICK
FLI,FLIXTON
FLF,FLOWERY FIELD
FKC,FOLKESTONE CENTRAL
FKE,FOLKESTONE EAST
FKH,FOLKESTONE HARBOUR
FKW,FOLKESTONE WEST
XFE,FOLKSTONE EAST C.H.S.
FOB,FORBACH
FOD,FORD
FOG,FOREST GATE
FOH,FOREST HILL
FBY,FORMBY
FOR,FORRES
FRS,FORSINARD
FTM,FORT MATILDA
FTW,FORT WILLIAM
FOK,FOUR OAKS
XAS,FOWEY SAFE HARBOUR HOTEL
FOX,FOXFIELD
XJF,FOXHALL JN
FXN,FOXTON
FRA,FRANKFURT (MAIN) HBF
FRT,FRANT
FTN,FRATTON
XFR,FRATTON C.S.D.
FRE,FRESHFIELD
FFD,FRESHFORD
FML,FRIMLEY
FRI,FRINTON-ON-SEA
FZH,FRIZINGHALL
FRD,FRODSHAM
FRO,FROME
XAU,FROME POST OFFICE
FLW,FULWELL
FNV,FURNESS VALE
FZP,FURZE PLATT
GNB,GAINSBOROUGH CENTRAL
GBL,GAINSBOROUGH LEA ROAD
GAL,GALASHIELS
XAA,GALASHIELS BUS STATION
XGJ,GALTON JN
GWY,GALWAY
GCH,GARELOCHHEAD
GRF,GARFORTH
GGV,GARGRAVE
GAR,GARROWHILL
GRS,GARSCADDEN
GSD,GARSDALE
GSN,GARSTON (HERTFORDSHIRE)
GRM,GARSTON (MERSDE)CLOSED
GSW,GARSWOOD
GRH,GARTCOSH
GMG,GARTH (MID GLAMORGAN)
GTH,GARTH (POWYS)
GVE,GARVE
GST,GATHURST
GTY,GATLEY
GTW,GATWICK AIRPORT
XGT,GATWICK AIRPORT C.H.S.
GGJ,GEORGEMAS JUNCTION
GER,GERRARDS CROSS
GDP,GIDEA PARK
GFN,GIFFNOCK
GIG,GIGGLESWICK
GBD,GILBERDYKE
GFF,GILFACH FARGOED
GIL,GILLINGHAM (DORSET)
GLM,GILLINGHAM (KENT)
XGI,GILLINGHAM E.M.U.D.
GSC,GILSHOCHILL
GIP,GIPSY HILL
GIR,GIRVAN
GLS,GLAISDALE
GCW,GLAN CONWY
GLR,GLANRAFON
GGT,GLASGOW AIRPORT
GLC,GLASGOW CENTRAL
GLQ,GLASGOW QUEEN STREET
GLH,GLASSHOUGHTON
XEA,GLASTONBURY TOWN HALL
GLZ,GLAZEBROOK
GLE,GLENEAGLES
GLF,GLENFINNAN
GLG,GLENGARNOCK
GLT,GLENROTHES WITH THORNTON
GLO,GLOSSOP
GCR,GLOUCESTER
XGU,GLOUCESTER ROAD JUNCTION
GLY,GLYNDE
XGZ,GOATHLAND
GOB,GOBOWEN
GOD,GODALMING
GDL,GODLEY
GDE,GODLEY EAST
GDN,GODSTONE
GOE,GOLDTHORPE
GOZ,GOLDTHORPE POLICE STATION
GOF,GOLF STREET
GOL,GOLSPIE
GOM,GOMSHALL
GMY,GOODMAYES
XFO,GOODRINGTON C.H.S
GUD,GOODRINGTON SANDS
GOO,GOOLE
GTR,GOOSTREY
GGL,GORBALS
GDH,GORDON HILL
GBG,GOREBRIDGE
GOR,GORING & STREATLEY
GBS,GORING-BY-SEA
GTO,GORTON
GPO,GOSPEL OAK
GOP,GOSPORT BUS
XOF,GOSPORT FERRY
GRK,GOUROCK
GWN,GOWERTON
GOX,GOXHILL
GPK,GRANGE PARK
GOS,GRANGE-OVER-SANDS
GGM,GRANGEMOUTH
XGM,GRANGEMOUTH JN
GTN,GRANGETOWN
GRA,GRANTHAM
GRT,GRATELEY
GVH,GRAVELLY HILL
GRV,GRAVESEND
GRY,GRAYS
GTA,GREAT AYTON
GRB,GREAT BENTLEY
GRC,GREAT CHESTERFORD
GCT,GREAT COATES
GMV,GREAT MALVERN
GMN,GREAT MISSENDEN
GYM,GREAT YARMOUTH
GNL,GREEN LANE
XBK,GREEN LANE JN.
GNR,GREEN ROAD
GBK,GREENBANK
GRL,GREENFAULDS
GNF,GREENFIELD
GFD,GREENFORD
GNH,GREENHITHE FOR BLUEWATER
GKC,GREENOCK CENTRAL
GKW,GREENOCK WEST
GNW,GREENWICH
GEA,GRETNA GREEN
XGS,GRETNA JN
GMD,GRIMSBY DOCKS
GMB,GRIMSBY TOWN
GRN,GRINDLEFORD
GRO,GROOMBRIDGE
GMT,GROSMONT
GRP,GROVE PARK
XGP,GROVE PARK C.H.S.
GUI,GUIDE BRIDGE
GLD,GUILDFORD
XFQ,GUILDFORD U.C.H.S.
GSY,GUISELEY
GUN,GUNNERSBURY
GSL,GUNNISLAKE
GNT,GUNTON
GWE,GWERSYLLT
GYP,GYPSY LANE
HAB,HABROUGH
HCB,HACKBRIDGE
HKC,HACKNEY CENTRAL
HAC,HACKNEY DOWNS
HKW,HACKNEY WICK
HDM,HADDENHAM & THAME PARKWAY
HAD,HADDISCOE
HDF,HADFIELD
HDW,HADLEY WOOD
HGF,HAG FOLD
HGG,HAGGERSTON
HAG,HAGLEY
HMY,HAIRMYRES
HAL,HALE
HAS,HALESWORTH
HED,HALEWOOD
HFX,HALIFAX
HLG,HALL GREEN
HID,HALL I' TH' WOOD
HLR,HALL ROAD
XHR,HALL ROAD E.M.U.D.
HAI,HALLING
HWH,HALTWHISTLE
HMT,HAM STREET
HME,HAMBLE
HNC,HAMILTON CENTRAL
BKQ,HAMILTON SQUARE
HNW,HAMILTON WEST
ZHA,HAMMERSMITH (DISTRICT) LUL
HMM,HAMMERTON
HMD,HAMPDEN PARK
HDH,HAMPSTEAD HEATH
HMP,HAMPTON
HMC,HAMPTON COURT
HMW,HAMPTON WICK
HIA,HAMPTON-IN-ARDEN
HSD,HAMSTEAD
HAM,HAMWORTHY
HND,HANBOROUGH
HTH,HANDFORTH
HNY,HANLEY BUS STATION
XHN,HANSLOPE JN
HAN,HANWELL
HPN,HAPTON
HBC,HARBOUR CITY (METROLINK)
HRL,HARLECH
HDN,HARLESDEN
HRD,HARLING ROAD
HLN,HARLINGTON
HWM,HARLOW MILL
HWN,HARLOW TOWN
HAR,HARMAN'S CROSS (SWANAGE R)
HRO,HAROLD WOOD
HPD,HARPENDEN
HRM,HARRIETSHAM
HGY,HARRINGAY
HRY,HARRINGAY GREEN LANES
XHU,HARRINGAY UP REV SDGS
HRR,HARRINGTON
HGT,HARROGATE
HRW,HARROW & WEALDSTONE
HOH,HARROW-ON-THE-HILL
HTF,HARTFORD
HBY,HARTLEBURY
HPL,HARTLEPOOL
HTW,HARTWOOD
HPQ,HARWICH INTERNATIONAL
HWC,HARWICH TOWN
HSL,HASLEMERE
HSK,HASSOCKS
HGS,HASTINGS
HTE,HATCH END
HAT,HATFIELD
HFS,HATFIELD & STAINFORTH
HAP,HATFIELD PEVEREL
HSG,HATHERSAGE
HTY,HATTERSLEY
HTN,HATTON
XHC,HATTON CROSS
HAV,HAVANT
HVN,HAVENHOUSE
HVF,HAVERFORDWEST
HWD,HAWARDEN
HWB,HAWARDEN BRIDGE
HMK,HAWES MARKET PLACE
HWK,HAWICK
HKH,HAWKHEAD
XHV,HAWORTH
HDB,HAYDON BRIDGE
HYR,HAYDONS ROAD
HYS,HAYES (KENT)
HAY,HAYES & HARLINGTON
HYL,HAYLE
HYM,HAYMARKET
XHA,HAYMARKET DEPOT
HHE,HAYWARDS HEATH
HAZ,HAZEL GROVE
HBL,HEADBOLT LANE
HCN,HEADCORN
HDY,HEADINGLEY
HDL,HEADSTONE LANE
HDG,HEALD GREEN
XHM,HEALEY MILLS S.S.
HLI,HEALING
HHL,HEATH HIGH LEVEL
HLL,HEATH LOW LEVEL
HTR,HEATHROW CENTRAL BUS STN
HWA,HEATHROW TERMINAL 2 BUS
HWE,HEATHROW TERMINAL 3 BUS
HAF,HEATHROW TERMINAL 4
HWF,HEATHROW TERMINAL 4 BUS
HWV,HEATHROW TERMINAL 5
HWX,HEATHROW TERMINAL 5 BUS
HXX,HEATHROW TERMINALS 2 & 3
ZHJ,HEATHROW UNDERGROUND
HTC,HEATON CHAPEL
HPK,HEATON PARK
XBE,HEATON PARK BUS STOP
XHT,HEATON T&R.S.M.D.
HBD,HEBDEN BRIDGE
HEC,HECKINGTON
HDE,HEDGE END
HNF,HEDNESFORD
HEI,HEIGHINGTON
HLC,HELENSBURGH CENTRAL
HLU,HELENSBURGH UPPER
HLD,HELLIFIELD
HMS,HELMSDALE
HSB,HELSBY
XAV,HELSTON (WOOLWORTHS)
HML,HEMEL HEMPSTEAD
HEF,HENDAYE
HEN,HENDON
HNG,HENGOED
HNL,HENLEY-IN-ARDEN
HOT,HENLEY-ON-THAMES
HEL,HENSALL
XHK,HENWICK
HFD,HEREFORD
HNB,HERNE BAY
HNH,HERNE HILL
HER,HERSHAM
HEH,HERSTON HALT (SWANAGE R)
HFE,HERTFORD EAST
HFN,HERTFORD NORTH
XHP,HERTFORD NORTH DOWN CS
XHQ,HERTFORD NTH C.H.S.
HES,HESSLE
HSW,HESWALL
HEV,HEVER
HBF,HEVER (BROCAS FARM)
HEW,HEWORTH
HEZ,HEWORTH (METRO)
HEX,HEXHAM
HYD,HEYFORD
HHB,HEYSHAM HARBOUR
ZHB,HIGH BARNET LUL
HIB,HIGH BROOMS
HST,HIGH STREET
HWY,HIGH WYCOMBE
HGM,HIGHAM
HIP,HIGHAMS PARK
HIG,HIGHBRIDGE & BURNHAM
HHY,HIGHBURY & ISLINGTON
XHZ,HIGHBURY AND ISLINGTON ELL
HTO,HIGHTOWN
HLB,HILDENBOROUGH
HLF,HILLFOOT
ZHD,HILLINGDON LT
HLE,HILLINGTON EAST
HLW,HILLINGTON WEST
HIL,HILLSIDE
HLS,HILSEA
HYW,HINCHLEY WOOD
HNK,HINCKLEY
HIN,HINDLEY
HNA,HINTON ADMIRAL
XHW,HIRWAUN BUS (CLOCK)
HIT,HITCHIN
XHY,HITCHIN ENGINEERS YARD
HGR,HITHER GREEN
XHG,HITHER GREEN DOWN RECP.
XHX,HITHER GREEN LOCO SDGS
XHI,HITHER GREEN P.A.D.
HOC,HOCKLEY
HVH,HOEK VAN HOLLAND
HBN,HOLLINGBOURNE
HOD,HOLLINWOOD (METRO)
ZHR,HOLLOWAY ROAD L.T.
XHO,HOLME JN.
HCH,HOLMES CHAPEL
HLM,HOLMWOOD
XEE,HOLSWORTHY LIBRARY
HOL,HOLTON HEATH
HHD,HOLYHEAD
HLY,HOLYTOWN
HMN,HOMERTON
HYB,HONEYBOURNE
HON,HONITON
HOY,HONLEY
HPA,HONOR OAK PARK
XHJ,HOO JUNCTION UP YARD
HOK,HOOK
HOO,HOOTON
HOP,HOPE (DERBYSHIRE)
HPE,HOPE (FLINTSHIRE)
HPT,HOPTON HEATH
XHB,HORBURY BOMBARDIER
HRE,HORDEN
HOR,HORLEY
HBP,HORNBEAM PARK
HGI,HORNDEAN PRECINCT
HRN,HORNSEY
XHS,HORNSEY C.H.S.
XHE,HORNSEY E.M.U.D.
HRS,HORSFORTH
HRH,HORSHAM
HSY,HORSLEY
HIR,HORTON-IN-RIBBLESDALE
HWI,HORWICH PARKWAY
HSC,HOSCAR
XHF,HOTHFIELD SIDING
HGN,HOUGH GREEN
HOU,HOUNSLOW
HOV,HOVE
HXM,HOVETON & WROXHAM
HWW,HOW WOOD
HOW,HOWDEN
HOZ,HOWWOOD
HOX,HOXTON
HYK,HOYLAKE
HBB,HUBBERTS BRIDGE
HKN,HUCKNALL
HUD,HUDDERSFIELD
HUL,HULL
HUU,HULL PARAGON INTERCHANGE
HUP,HUMPHREY PARK
HCT,HUNCOAT
HGD,HUNGERFORD
HUB,HUNMANBY
HUS,HUNSTANTON BUS STATION
HUN,HUNTINGDON
HNT,HUNTLY
HNX,HUNTS CROSS
HSE,HURSLEY (POST OFFICE)
HUR,HURST GREEN
HUT,HUTTON CRANSWICK
HUY,HUYTON
HYC,HYDE CENTRAL
HYT,HYDE NORTH
HYP,HYDE PARK
HKM,HYKEHAM
HCR,HYKEHAM CROSSROADS
HYN,HYNDLAND
XHD,HYNDLAND LOOP
HYH,HYTHE
IBM,I.B.M.
IFI,IFIELD
IFD,ILFORD
XIF,ILFORD E.M.U.D.
ILN,ILKESTON
ILK,ILKLEY
IMW,IMPERIAL WHARF
INC,INCE
INE,INCE & ELTON
INT,INGATESTONE
INS,INSCH
IGD,INVERGORDON
ING,INVERGOWRIE
INK,INVERKEITHING
INP,INVERKIP
INV,INVERNESS
IVA,INVERNESS AIRPORT
XIV,INVERNESS MOTORAIL SDG
INH,INVERSHIN
INR,INVERURIE
IPS,IPSWICH
XIP,IPSWICH C.S.D.
XIQ,IPSWICH RECP.
IRL,IRLAM
IRV,IRVINE
ISL,ISLEWORTH
ISP,ISLIP
IVR,IVER
IVY,IVYBRIDGE
JCH,JAMES COOK
LVJ,JAMES STREET
JEQ,JEWELLERY QUARTER
JOH,JOHNSTON
JHN,JOHNSTONE
JOR,JORDANHILL
XJR,JUNCTION ROAD JN
KSL,KEARSLEY
KSN,KEARSNEY
KEI,KEIGHLEY
KEH,KEITH
KEL,KELVEDON
KVD,KELVINDALE
KEM,KEMBLE
KMH,KEMPSTON HARDWICK
KMP,KEMPTON PARK
KMS,KEMSING
KML,KEMSLEY
KEN,KENDAL
KNW,KENILWORTH
KLY,KENLEY
KEB,KENLEY (A22)
KNE,KENNETT
KNS,KENNISHEAD
KNL,KENSAL GREEN
XKS,KENSAL GREEN C.SERV.PLT.
XKG,KENSAL GREEN JN
KNR,KENSAL RISE
KPA,KENSINGTON (OLYMPIA)
ZHS,KENSINGTON HIGH ST L.T.
KTH,KENT HOUSE
KTN,KENTISH TOWN
KTW,KENTISH TOWN WEST
KNT,KENTON
KBK,KENTS BANK
KWK,KESWICK (BUS STATION)
KET,KETTERING
KEZ,KETTERING LIBRARY
KWB,KEW BRIDGE
KWG,KEW GARDENS
KEY,KEYHAM
XKM,KEYMER JN
KYN,KEYNSHAM
KDB,KIDBROOKE
KID,KIDDERMINSTER
KDG,KIDSGROVE
KWL,KIDWELLY
KBN,KILBURN HIGH ROAD
ZKP,KILBURN PARK LT
KCG,KILCREGGAN
KLD,KILDALE
KIL,KILDONAN
KGT,KILGETTY
KLL,KILLARNEY
KMK,KILMARNOCK
KLM,KILMAURS
KPT,KILPATRICK
KWN,KILWINNING
KBC,KINBRACE
KGM,KINGHAM
KGH,KINGHORN
KGL,KINGS LANGLEY
KLN,KINGS LYNN
KLB,KINGS LYNN BUS STATION
KLS,KINGS LYNN BUS STATION GN
XKL,KINGS LYNN CARRIAGE SIDNGS
KNN,KINGS NORTON
KGN,KINGS NYMPTON
KGP,KINGS PARK
KGS,KINGS SUTTON
XAW,KINGSBRIDGE QUAY
XKI,KINGSBURY JN
KGE,KINGSKNOWE
KNG,KINGSTON
KWR,KINGSWEAR (FOR DARTMOUTH)
KND,KINGSWOOD
KIN,KINGUSSIE
KIT,KINTBURY
KTR,KINTORE
KBX,KIRBY CROSS
KKS,KIRK SANDALL
KIR,KIRKBY
KKB,KIRKBY IN ASHFIELD
KSW,KIRKBY STEPHEN
KBF,KIRKBY-IN-FURNESS
KDY,KIRKCALDY
KRK,KIRKCONNEL
KKD,KIRKDALE
XKK,KIRKDALE C.S.
KKM,KIRKHAM & WESHAM
KKH,KIRKHILL
KKN,KIRKNEWTON
KLF,KIRKSTALL FORGE
KWD,KIRKWOOD
KTL,KIRTON LINDSEY
KIV,KIVETON BRIDGE
KVP,KIVETON PARK
KNA,KNARESBOROUGH
KBW,KNEBWORTH
KNI,KNIGHTON
KCK,KNOCKHOLT
KNO,KNOTTINGLEY
KNU,KNUCKLAS
KNF,KNUTSFORD
KBZ,KOBLENZ HBF
KYL,KYLE OF LOCHALSH
KYK,KYLEAKIN
LDY,LADYBANK
LAD,LADYWELL
LDW,LADYWELL (METROLINK)
LAI,LAINDON
XLZ,LAIRA T.& R.S.M.D.
LRG,LAIRG
LKE,LAKE
LAK,LAKENHEATH
LAM,LAMPHEY
LNK,LANARK
LAN,LANCASTER
LAC,LANCING
XLX,LANDOR STREET JN
XDL,LANDORE T.M.D.
LAW,LANDYWOOD
LGB,LANGBANK
LHO,LANGHO
LHL,LANGHOLM
LNY,LANGLEY
LGG,LANGLEY GREEN
LGM,LANGLEY MILL
LGS,LANGSIDE
LGW,LANGWATHBY
LAG,LANGWITH - WHALEY THORNS
LWY,LANGWORTHY (METROLINK)
LAP,LAPFORD
LPW,LAPWORTH
LBT,LARBERT
LAR,LARGS
LRH,LARKHALL
XAZ,LAUNCESTON WESTGATE STREET
LAU,LAURENCEKIRK
LWH,LAWRENCE HILL
LAY,LAYTON
LZB,LAZONBY & KIRKOSWALD
LEB,LEA BRIDGE
LEG,LEA GREEN
LEH,LEA HALL
LEA,LEAGRAVE
LHM,LEALHOLM
LMS,LEAMINGTON SPA
LSW,LEASOWE
LHD,LEATHERHEAD
XOD,LEDBURN JN
LED,LEDBURY
LEE,LEE
LDS,LEEDS
XLB,LEEDS BRADFORD AIRPORT
XLD,LEEDS FESTIVAL BUS
LEI,LEICESTER
LFL,LEIGH (FLEUR-DE-LIS P.H.)
LIH,LEIGH (KENT)
LES,LEIGH-ON-SEA
LBZ,LEIGHTON BUZZARD
LIE,LEISTON
LEL,LELANT
LTS,LELANT SALTINGS
LEN,LENHAM
XXK,LENHAM CROSSOVER (CTRL)
LNZ,LENZIE
LEO,LEOMINSTER
XLL,LETCHWORTH A/D LINE
XLE,LETCHWORTH C.S.D
LET,LETCHWORTH GARDEN CITY
LEU,LEUCHARS
LVM,LEVENSHULME
XLA,LEVISHAM
LWS,LEWES
LEW,LEWISHAM
LEY,LEYLAND
LEM,LEYTON MIDLAND ROAD
LER,LEYTONSTONE HIGH ROAD
LIC,LICHFIELD CITY
XOI,LICHFIELD NORTH JN (LL)
LIF,LICHFIELD TRENT VALLEY HL
LTV,LICHFIELD TRENT VALLEY LL
LID,LIDLINGTON
LIU,LILLE EUROPE
LIL,LILLE FLANDRES
LHS,LIMEHOUSE
LRK,LIMERICK
LJN,LIMERICK JCN
LCN,LINCOLN
LBS,LINCOLN BUS STATION
XTT,LINCOLN TERRACE C.H.S.
LNF,LINDFORD (LIPHOOK ROAD)
LFD,LINGFIELD
LGD,LINGWOOD
LIN,LINLITHGOW
LIP,LIPHOOK
LSK,LISKEARD
LSM,LISMORE
LIS,LISS
LVT,LISVANE & THORNHILL
LTK,LITTLE KIMBLE
LTT,LITTLE SUTTON
LTL,LITTLEBOROUGH
LIT,LITTLEHAMPTON
LVN,LITTLEHAVEN
LTP,LITTLEPORT
XLV,LIVERPOOL CENTRAL (WIRRAL)
LVC,LIVERPOOL CNTRL (NORTHERN)
LJL,LIVERPOOL J LENNON AIRPORT
LVS,LIVERPOOL LANDING STAGE
LIV,LIVERPOOL LIME STREET
LVL,LIVERPOOL LIME STREET LL
ALE,LIVERPOOL SOUTH PW HL
LPY,LIVERPOOL SOUTH PW LL
LSX,LIVERPOOL ST CROSSRAIL
LSN,LIVINGSTON NORTH
LVG,LIVINGSTON SOUTH
LLA,LLANABER
LLB,LLANBADARN
LBR,LLANBEDR
LLT,LLANBISTER ROAD
LNB,LLANBRADACH
LLN,LLANDAF
LDN,LLANDANWG
LLC,LLANDECWYN
LLL,LLANDEILO
LLV,LLANDOVERY
LLO,LLANDRINDOD
XLW,LLANDRINDOD CROSSING
LLD,LLANDUDNO
LLJ,LLANDUDNO JUNCTION
LLI,LLANDYBIE
LLE,LLANELLI
LLF,LLANFAIRFECHAN
LPG,LLANFAIRPWLL
LLG,LLANGADOG
LLM,LLANGAMMARCH
LLH,LLANGENNECH
LGO,LLANGYNLLO
LLR,LLANHARAN
LTH,LLANHILLETH
LLS,LLANISHEN
LWR,LLANRWST
LAS,LLANSAMLET
LTI,LLANTRISANT
LWM,LLANTWIT MAJOR
LNR,LLANWRDA
LNW,LLANWRTYD
LLW,LLWYNGWRIL
LLY,LLWYNYPIA
LHA,LOCH AWE
LHE,LOCH EIL OUTWARD BOUND
LCL,LOCHAILORT
LCB,LOCHBOISDALE
LCS,LOCHEILSIDE
LCG,LOCHGELLY
LCC,LOCHLUICHART
LCH,LOCHMADDY
LHW,LOCHWINNOCH
LOC,LOCKERBIE
LCK,LOCKWOOD
ZAD,LONDON ALDGATE
ZBS,LONDON BAKER STREET
BFR,LONDON BLACKFRIARS
LBG,LONDON BRIDGE
CST,LONDON CANNON STREET
CHX,LONDON CHARING CROSS
LOE,LONDON EUROSTAR (CIV)
EUS,LONDON EUSTON
FST,LONDON FENCHURCH STREET
LOF,LONDON FIELDS
KGX,LONDON KINGS CROSS
LST,LONDON LIVERPOOL STREET
LUA,LONDON LUTON AIRPORT
MYB,LONDON MARYLEBONE
PAD,LONDON PADDINGTON
ZPC,LONDON PICCADILLY CIRCUS
LRB,LONDON ROAD (BRIGHTON)
LRD,LONDON ROAD (GUILDFORD)
LRR,LONDON ROAD DITCHLING RISE
VIC,LONDON VICTORIA
WAT,LONDON WATERLOO
WAE,LONDON WATERLOO (EAST)
WIT,LONDON WATERLOO (INT)
LDR,LONDONDERRY
LBK,LONG BUCKBY
LGE,LONG EATON
LPR,LONG PRESTON
LGK,LONGBECK
LOB,LONGBRIDGE
LNG,LONGCROSS
LGF,LONGFIELD
LND,LONGNIDDRY
LPT,LONGPORT
XML,LONGSIGHT CAR. M.D.
LGN,LONGTON
LOO,LOOE
LOT,LOSTOCK
LTG,LOSTOCK GRALAM
LOH,LOSTOCK HALL
XLS,LOSTOCK HALL JN
XLK,LOSTOCK JN
LOS,LOSTWITHIEL
LBO,LOUGHBOROUGH
LGJ,LOUGHBOROUGH JN
XLO,LOUGHBOROUGH UNIVERSITY
XBI,LOVERS WALK T&R.S.M.D
LMR,LOW MOOR
XRL,LOW ROW S.B.
LOW,LOWDHAM
LSY,LOWER SYDENHAM
LWT,LOWESTOFT
LUD,LUDLOW
LUT,LUTON
LTN,LUTON AIRPORT PARKWAY
LUB,LUTON BUS
LUX,LUXULYAN
LYD,LYDNEY
LYE,LYE
LYP,LYMINGTON PIER
LYT,LYMINGTON TOWN
LYC,LYMPSTONE COMMANDO
LYM,LYMPSTONE VILLAGE
XBD,"LYNEHAM CAMP, MAIN GATE"
LTM,LYTHAM
MAC,MACCLESFIELD
MCN,MACHYNLLETH
XMC,MACHYNLLETH CARR. SDGS
XMD,MADELEY JN (SALOP)
MDY,MAERDY
MST,MAESTEG
MEW,MAESTEG (EWENNY ROAD)
MAG,MAGHULL
MNS,MAGHULL NORTH STATION
ZMV,MAIDA VALE LT
MDN,MAIDEN NEWTON
MAI,MAIDENHEAD
MDB,MAIDSTONE BARRACKS
MDE,MAIDSTONE EAST
MDW,MAIDSTONE WEST
MNZ,MAINZ HBF
MAL,MALDEN MANOR
MLG,MALLAIG
MAW,MALLOW
MLT,MALTON
MVL,MALVERN LINK
XMN,MALVERN WELLS
MIA,MANCHESTER AIRPORT
MCO,MANCHESTER OXFORD ROAD
MAN,MANCHESTER PICCADILLY
MUF,MANCHESTER UTD FOOTBALL GD
MCV,MANCHESTER VICTORIA
XVS,MANCHESTER VICTORIA H.S.
MNE,MANEA
MNG,MANNINGTREE
MNP,MANOR PARK
MNR,MANOR ROAD
MRB,MANORBIER
MAS,MANORS
MRM,MANORS (METRO)
MFT,MANSFIELD
MSW,MANSFIELD WOODHOUSE
ZMH,MANSION HOUSE LT
XMJ,MANTON JN
MCH,MARCH
MRN,MARDEN
MAR,MARGATE
MHR,MARKET HARBOROUGH
MKR,MARKET RASEN
MNC,MARKINCH
MKT,MARKS TEY
XBH,MARLBOROUGH HIGH STREET
MLW,MARLOW
MCK,MARNE-LA-VALLEE
MPL,MARPLE
MSN,MARSDEN
MSC,MARSEILLE ST CHARLES
MBT,MARSH BARTON
MSK,MARSKE
MGN,MARSTON GREEN
MTM,MARTIN MILL
MAO,MARTINS HERON
MTO,MARTON
MYH,MARYHILL
MYL,MARYLAND
MRY,MARYPORT
MAT,MATLOCK
MTB,MATLOCK BATH
MAU,MAULDETH ROAD
MAX,MAXWELL PARK
MAY,MAYBOLE
MZH,MAZE HILL
XLI,MCHESTER INTERNATIONAL DEP
MHS,MEADOWHALL
MDT,MEDSTEAD
MEL,MELDRETH
MKM,MELKSHAM
XBO,MELKSHAM MARKET PLACE
MLS,MELROSE
MES,MELTON
MMO,MELTON MOWBRAY
MEN,MENHENIOT
MNN,MENSTON
MEO,MEOLS
MEC,MEOLS COP
MEP,MEOPHAM
MRW,MERIDIAN WATER
MEY,MERRYTON
WLO,MERSEYSIDE
MHM,MERSTHAM
MER,MERTHYR TYDFIL
MEV,MERTHYR VALE
MGM,METHERINGHAM
MCE,METROCENTRE
XMK,METROPOLITAN JN
MZM,METZ
XEF,MEVAGISSEY TREVORTH
MEX,MEXBOROUGH
MIC,MICHELDEVER
MIK,MICKLEFIELD
MBR,MIDDLESBROUGH
MDL,MIDDLEWOOD
MDG,MIDGHAM
XBR,MIDSOMER NORTON TOWN HALL
MLP,MILES PLATTING
MLF,MILFORD (SURREY)
MFH,MILFORD HAVEN
MLH,MILL HILL (LANCASHIRE)
MIL,MILL HILL BROADWAY
MLB,MILLBROOK (BEDFORDSHIRE)
MBK,MILLBROOK (HANTS)
MIF,MILLFIELD STN T&WM
MIN,MILLIKEN PARK
MLM,MILLOM
MIH,MILLS HILL
MLN,MILNGAVIE
MLR,MILNROW (METRO)
MKC,MILTON KEYNES CENTRAL
XBW,MINEHEAD BANCKS STREET
XBV,MINEHEAD BUTLINS
MHD,MINEHEAD WEST SOM RWY
MFF,MINFFORDD
MSR,MINSTER
XMF,MINSTER EAST JN.
MIR,MIRFIELD
MIS,MISTLEY
MTC,MITCHAM EASTFIELDS
MIJ,MITCHAM JUNCTION
XMB,MITRE BRIDGE JN
MOB,MOBBERLEY
MON,MONIFIETH
MRS,MONKS RISBOROUGH
MTP,MONTPELIER
MTS,MONTROSE
ZMP,MOOR PARK
MRF,MOORFIELDS
MOG,MOORGATE
ZMG,MOORGATE LT
MSD,MOORSIDE
MRP,MOORTHORPE
MRR,MORAR
MRD,MORCHARD ROAD
MDS,MORDEN SOUTH
MCM,MORECAMBE
MTN,MORETON (DORSET)
MRT,MORETON (MERSEYSIDE)
MIM,MORETON-IN-MARSH
XEK,MORETONHAMPSTEAD COURT ST.
MFA,MORFA MAWDDACH
MLY,MORLEY
MPT,MORPETH
MOR,MORTIMER
MTL,MORTLAKE
MSS,MOSES GATE
MOS,MOSS SIDE
XMS,MOSSEND
MSL,MOSSLEY (GRTR MANCHESTER)
MSH,MOSSLEY HILL
MPK,MOSSPARK
MSO,MOSTON
MTH,MOTHERWELL
XMW,MOTHERWELL DERBY C.S.
XMH,MOTHERWELL WEIGHS C.H.S.
MOT,MOTSPUR PARK
MTG,MOTTINGHAM
DBG,MOTTISFONT & DUNBRIDGE
MLD,MOULDSWORTH
MCB,MOULSECOOMB
MFL,MOUNT FLORIDA
XMG,MOUNT GOULD JN
MTV,MOUNT VERNON
MTA,MOUNTAIN ASH
XMO,MOUNTFIELD SIDINGS
XMX,MOUNTFIELD SIDINGS (GBRF)
MUK,MUCK
MOO,MUIR OF ORD
MUI,MUIREND
MUB,MUSSELBURGH
MYT,MYTHOLMROYD
NFN,NAFFERTON
NLS,NAILSEA & BACKWELL
NRN,NAIRN
NAN,NANTWICH
NYN,NANTYRONEN
NAR,NARBERTH
NNE,NARBONNE
NBR,NARBOROUGH
XXL,NASHENDEN CROSSOVER
NVR,NAVIGATION ROAD
XNJ,NEASDEN SOUTH JN
NTH,NEATH
NMT,NEEDHAM MARKET
NEI,NEILSTON
NEL,NELSON
NES,NESTON
NET,NETHERFIELD
NRT,NETHERTOWN
NTL,NETLEY
XNL,NEVILLE HILL T&R.S.M.D
NBA,NEW BARNET
NBC,NEW BECKENHAM
NBN,NEW BRIGHTON
NCE,NEW CLEE
NWX,NEW CROSS
NXG,NEW CROSS GATE
NCK,NEW CUMNOCK
NEH,NEW ELTHAM
NHY,NEW HEY (METRO)
NHL,NEW HOLLAND
NHE,NEW HYTHE
NLN,NEW LANE
NEM,NEW MALDEN
NMC,NEW MILLS CENTRAL
NMN,NEW MILLS NEWTOWN
NWM,NEW MILTON
NPD,NEW PUDSEY
NSG,NEW SOUTHGATE
NCT,NEWARK CASTLE
XNK,NEWARK F.C.
NNG,NEWARK NORTH GATE
NBE,NEWBRIDGE (EBBW VALE)
NBY,NEWBURY
ZNP,NEWBURY PARK
NRC,NEWBURY RACECOURSE
NCL,NEWCASTLE
NCZ,NEWCASTLE (METRO)
NCO,NEWCOURT
NEW,NEWCRAIGHALL
NVH,NEWHAVEN HARBOUR
NVM,NEWHAVEN MARINE
NVN,NEWHAVEN TOWN
NGT,NEWINGTON
NMK,NEWMARKET
NWE,NEWPORT (ESSEX)
NWP,NEWPORT (SOUTH WALES)
NPT,NEWPORT BUS STATION
NQY,NEWQUAY
NSD,NEWSTEAD
NTN,NEWTON (LANARK)
NTA,NEWTON ABBOT
NAY,NEWTON AYCLIFFE
NWN,NEWTON FOR HYDE
XNN,NEWTON HEATH T.M.D.
NTC,NEWTON ST CYRES
NLW,NEWTON-LE-WILLOWS
NOA,NEWTON-ON-AYR
NEG,NEWTONGRANGE
NWR,NEWTONMORE
NWT,NEWTOWN (POWYS)
FNI,NIMES
NNP,NINIAN PARK
NIT,NITSHILL
NBT,NORBITON
NRB,NORBURY
NOD,NORDEN (SWANAGE R)
NSB,NORMANS BAY
NOR,NORMANTON
ZNA,NORTH ACTON LT
NBW,NORTH BERWICK
NCM,NORTH CAMP
NDL,NORTH DULWICH
NFA,NORTH FAMBRIDGE
XKE,NORTH KENT EAST JN
NLR,NORTH LLANRWST
XNP,NORTH POLE INTERNATIONAL
NQU,NORTH QUEENSFERRY
NRD,NORTH ROAD
NSH,NORTH SHEEN
NWA,NORTH WALSHAM
NWB,NORTH WEMBLEY
NTR,NORTHALLERTON
XFS,NORTHAM C.S.D.
NMP,NORTHAMPTON
XND,NORTHAMPTON EMD
NFD,NORTHFIELD
NFL,NORTHFLEET
NLT,NORTHOLT PARK
NUM,NORTHUMBERLAND PARK
NWI,NORTHWICH
NTB,NORTON BRIDGE
NBS,NORTON BRIDGE STATION DRV
NRW,NORWICH
XNC,NORWICH C.PT. T.&R.S.M.D
XNY,NORWICH STN C.S.D.
NWD,NORWOOD JUNCTION
NOT,NOTTINGHAM
NPP,NOTTINGHAM PHOENIX PARK
NUN,NUNEATON
NHD,NUNHEAD
NUR,NUNNERY SQUARE P&R
NNT,NUNTHORPE
NUT,NUTBOURNE
NUF,NUTFIELD
XET,NUTFIELD (MEMORIAL HALL)
OKN,OAKENGATES
OKM,OAKHAM
OKL,OAKLEIGH PARK
OBN,OBAN
OCK,OCKENDON
OLY,OCKLEY
OKE,OKEHAMPTON
XCG,OKEHAMPTON GOING PLACES
OHL,OLD HILL
XOK,OLD OAK COMMON C.S.
XOO,OLD OAK COMMON H.S.T.D.
XOL,OLD OAK COMMON T.M.D.
ORN,OLD ROAN
OLD,OLD STREET
OTR,OLD TRAFFORD
OLF,OLDFIELD PARK
OLM,OLDHAM MUMPS (METRO)
OLW,OLDHAM WERNETH (METRO)
OLT,OLTON
OOS,OOSTENDE
ORE,ORE
XTX,ORIENT WAY CS
OMS,ORMSKIRK
ORP,ORPINGTON
ORR,ORRELL
OPK,ORRELL PARK
XOM,ORTON MERE
OTF,OTFORD
XOT,OTFORD JN
OTL,OTLEY (BUS STATION)
OSM,OTTERY ST. MARY BROAD ST.
OUN,OULTON BROAD NORTH
OUS,OULTON BROAD SOUTH
OUD,OUNDLE MARKET PLACE
OUT,OUTWOOD
OVE,OVERPOOL
OVR,OVERTON
OXN,OXENHOLME LAKE DISTRICT
XOB,OXENHOPE
OXF,OXFORD
XOX,OXFORD DOWN CARRIAGE SDG
OXP,OXFORD PARKWAY
XVE,OXFORD WESTGATE
XOY,OXLEY CAR. M.D.
OXS,OXSHOTT
OXT,OXTED
XPQ,P'BORO EASTFIELD JN.
PDX,PADDINGTON CROSSRAIL
PDW,PADDOCK WOOD
PDG,PADGATE
PDT,PADSTOW OLD RLY STATION
PGN,PAIGNTON
PCN,PAISLEY CANAL
PYG,PAISLEY GILMOUR STREET
PYJ,PAISLEY ST JAMES
PAI,PALLION STN T&WM
PAL,PALMERS GREEN
PAN,PANGBOURNE
PNL,PANNAL
PTF,PANTYFFYNNON
PAR,PAR
XDR,PAR STATION ROAD
PBL,PARBOLD
PBN,PARIS NORD
PAZ,PARIS ST LAZARE
CIC,PARK LANE (SUNDERLAND)
XIA,PARK LANE JN WEST MIDS
PKT,PARK STREET
XPA,PARKESTON S.S.
PAQ,PARKGATE
XPY,PARKS BRIDGE JN
PKS,PARKSTONE (DORSET)
PSN,PARSON STREET
PTK,PARTICK
PRN,PARTON
PWY,PATCHWAY
PAT,PATRICROFT
PTT,PATTERTON
PEA,PEARTREE
PMR,PECKHAM RYE
PBS,PEEBLES
PEG,PEGSWOOD
PAW,PELAW TYNE & WEAR METRO
PEM,PEMBERTON
PBY,PEMBREY & BURRY PORT
PMB,PEMBROKE
PMD,PEMBROKE DOCK
PDK,PEMBROKE FERRY TERMINAL
PNY,PEN-Y-BONT
PNA,PENALLY
PEN,PENARTH
PCD,PENCOED
PGM,PENGAM
PNE,PENGE EAST
PNW,PENGE WEST
PHG,PENHELIG
PNS,PENISTONE
PKG,PENKRIDGE
PMW,PENMAENMAWR
PNM,PENMERE
PER,PENRHIWCEIBER
PRH,PENRHYNDEUDRAETH
XYT,PENRHYS (ROUNDABOUT)
PNR,PENRITH NORTH LAKES
PYN,PENRYN
PES,PENSARN
PHR,PENSHURST
PTB,PENTRE-BACH
PNC,PENYCHAIN
PNF,PENYFFORDD
XPZ,PENYWAUN BUS
PNZ,PENZANCE
PNQ,PENZANCE QUAY
XCL,PERRANPORTH BEACH ROAD
PRW,PERRANWELL
PRY,PERRY BARR
XRA,PERRY BARR NORTH JN
PSH,PERSHORE
PTH,PERTH
XPH,PERTH C.S.D.
XPN,PETERBORO NENE C.H.S
PBO,PETERBOROUGH
PBU,PETERBOROUGH QUEENSGATE
XPW,PETERBOROUGH WEST YARD
PTR,PETERSFIELD
PET,PETTS WOOD
XPE,PETTS WOOD JN
PEV,PEVENSEY & WESTHAM
PEB,PEVENSEY BAY
PEW,PEWSEY
XPK,PICKERING
PIZ,PICKERING EASTGATE
PIL,PILNING
PIN,PINHOE
PIT,PITLOCHRY
PSE,PITSEA
ZPS,PLAISTOW L.T.
PLS,PLEASINGTON
PLK,PLOCKTON
PLC,PLUCKLEY
PLM,PLUMLEY
PMP,PLUMPTON
PLU,PLUMSTEAD
XPS,PLUMSTEAD C.H.S.
PLY,PLYMOUTH
XDJ,PLYMOUTH SALTASH ROAD
POI,POITIERS
POK,POKESDOWN
PLG,POLEGATE
PSW,POLESWORTH
PWE,POLLOKSHAWS EAST
PWW,POLLOKSHAWS WEST
PLE,POLLOKSHIELDS EAST
PLW,POLLOKSHIELDS WEST
XPD,POLMADIE D.H.S.
PMT,POLMONT
POL,POLSLOE BRIDGE
PMO,POMONA (METROLINK)
PON,PONDERS END
PYP,PONT-Y-PANT
PTD,PONTARDDULAIS
PFR,PONTEFRACT BAGHILL
PFM,PONTEFRACT MONKHILL
POT,PONTEFRACT TANSHELF
PLT,PONTLOTTYN
PYC,PONTYCLUN
PCM,PONTYCYMMER
PPL,PONTYPOOL AND NEW INN
PPD,PONTYPRIDD
POO,POOLE
PFT,POOLE FERRY TERMINAL
XFT,POOLE S. S.
POP,POPPLETON
PTG,PORT GLASGOW
PSL,PORT SUNLIGHT
PTA,PORT TALBOT PARKWAY
PTC,PORTCHESTER
POR,PORTH
XEO,PORTHCAWL JOHN STREET
PTM,PORTHMADOG
PMG,PORTHMADOG HARBOUR
PLN,PORTLETHEN
XPJ,PORTOBELLO JN (WEST MIDS)
PEE,PORTREE
PTS,PORTRUSH
PLD,PORTSLADE
XGL,PORTSMOUTH & S'SEA D.C.S
PMS,PORTSMOUTH & SOUTHSEA
PMA,PORTSMOUTH ARMS
PCF,PORTSMOUTH CONT FERRY PORT
PMH,PORTSMOUTH HARBOUR
PPK,POSSILPARK & PARKHOUSE
PBR,POTTERS BAR
PFY,POULTON-LE-FYLDE
PYT,POYNTON
PRS,PREES
PSC,PRESCOT
PRT,PRESTATYN
PRB,PRESTBURY
PRE,PRESTON
XPT,PRESTON C.S.
PRP,PRESTON PARK
PPR,PRESTON PARK (LONDON ROAD)
XPU,PRESTON UP GOODS LOOP
PST,PRESTONPANS
PWC,PRESTWICH
PRA,PRESTWICK INT. AIRPORT
PTW,PRESTWICK TOWN
PTL,PRIESTHILL & DARNLEY
PRM,PRIMROSE HILL
PRR,PRINCES RISBOROUGH
XPF,PRINCETOWN SQUARE
PRL,PRITTLEWELL
XOZ,PROOF HOUSE JN
PRU,PRUDHOE
PUL,PULBOROUGH
PFL,PURFLEET
PUR,PURLEY
PUO,PURLEY OAKS
PUT,PUTNEY
PWL,PWLLHELI
PYE,PYE CORNER
PYL,PYLE
QRD,QUAINTON ROAD
QYD,QUAKERS YARD
QPW,QUEEN'S PARK (LONDON)
QBR,QUEENBOROUGH
XQC,QUEENBOROUGH CAR LDG SDGS
XQS,QUEENBOROUGH SHIPBLDNG YD
XQY,QUEENBOROUGH YARD
QPK,QUEENS PARK (STRATHCLYDE)
QRP,QUEENS RD PECKHAM
QRB,QUEENSTOWN RD.(BATTERSEA)
QUI,QUINTRELL DOWNS
RDF,RADCLIFFE (NOTTS)
RCF,RADCLIFFE(GRTR MANCHESTER)
RDT,RADLETT
RAD,RADLEY
XEQ,RADSTOCK VICTORIA HALL
RDR,RADYR
RNF,RAINFORD
RNM,RAINHAM
RAI,RAINHAM (KENT)
RNH,RAINHILL
RAM,RAMSGATE
XRE,RAMSGATE E.M.U.D.
RMZ,RAMSGATE HARBOUR
RGW,RAMSGREAVE & WILPSHIRE
RAN,RANNOCH
RAU,RAUCEBY
RAV,RAVENGLASS FOR ESKDALE
RVB,RAVENSBOURNE
RVN,RAVENSTHORPE
RWC,RAWCLIFFE
RLG,RAYLEIGH
RAY,RAYNES PARK
RDG,READING
RBU,READING BUS
RGP,READING GREEN PARK
RDW,READING WEST
REC,RECTORY ROAD
RDB,REDBRIDGE
ZRE,REDBRIDGE LT STATION
RCC,REDCAR CENTRAL
RCE,REDCAR EAST
RDN,REDDISH NORTH
RDS,REDDISH SOUTH
RDC,REDDITCH
RDH,REDHILL
RDA,REDLAND
RED,REDRUTH
RHM,REEDHAM
REE,REEDHAM (NORFOLK)
REG,REGENT CENTRE (NEWCASTLE)
REI,REIGATE
RTN,RENTON
RET,RETFORD
XRO,RETFORD LOW LEVEL
RHF,RHEIDOL FALLS
RHG,RHIGOS BUS STOP
RHI,RHIWBINA
RHW,RHIWFRON
RIA,RHOOSE CARDIFF INT AIRPORT
RHO,RHOSNEIGR
RHL,RHYL
RHY,RHYMNEY
RHD,RIBBLEHEAD
RIL,RICE LANE
RMD,RICHMOND
RMK,RICHMOND (MARKET)
RIC,RICKMANSWORTH
RDD,RIDDLESDOWN
RID,RIDGMONT
RDM,RIDING MILL
RCA,RISCA & PONTYMISTER
RIS,RISHTON
RBR,ROBERTSBRIDGE
RHA,ROBIN HOOD AIRPORT
RHB,ROBIN HOODS BAY
RRN,ROBROYSTON
ROB,ROBY
RCD,ROCHDALE
ROC,ROCHE
RTR,ROCHESTER
XRJ,ROCHESTER BRIDGE JN
RFD,ROCHFORD
RFY,ROCK FERRY
ROG,ROGART
ROR,ROGERSTONE
ROL,ROLLESTON
RMB,ROMAN BRIDGE
RMF,ROMFORD
RML,ROMILEY
ROM,ROMSEY
REB,ROMSEY BUS STATION
ROO,ROOSE
RDL,ROOSENDAAL CS
ROP,ROPLEY
RSG,ROSE GROVE
RSH,ROSE HILL MARPLE
RSB,ROSSLARE HARBOUR
ROS,ROSYTH
RYK,ROSYTH DOCKYARD
RMC,ROTHERHAM CENTRAL
ROE,ROTHERHITHE
RTY,ROTHESAY
ROT,ROTTERDAM C.S.
RRD,ROUEN D D
RNR,ROUGHTON ROAD
RLN,ROWLANDS CASTLE
ROW,ROWLEY REGIS
RYB,ROY BRIDGE
ZRY,ROYAL OAK (LUL)
RYN,ROYDON
RYS,ROYSTON
RUA,RUABON
RUF,RUFFORD
RUG,RUGBY
RGT,RUGELEY TOWN
RGL,RUGELEY TRENT VALLEY
RHU,RUM
RUN,RUNCORN
RUE,RUNCORN EAST
RKT,RUSKINGTON
RUS,RUSWARP
RUT,RUTHERGLEN
RYD,RYDE ESPLANADE
XRD,RYDE HOVERPORT
RYP,RYDE PIER HEAD
RYR,RYDE ST JOHNS ROAD
RRB,RYDER BROW
RYE,RYE
RYH,RYE HOUSE
SLE,SALE
SFD,SALFORD CENTRAL
SLD,SALFORD CRESCENT
SAQ,SALFORD QUAYS (METROLINK)
SAF,SALFORDS
SAH,SALHOUSE
SAL,SALISBURY
XFU,SALISBURY T&R.S.M.D
XFV,SALISBURY WEST C.S.
SAE,SALTAIRE
STS,SALTASH
SLB,SALTBURN
SLT,SALTCOATS
SAM,SALTMARSHE
XSI,SALTWOOD JN
SLW,SALWICK
SMC,SAMPFORD COURTENAY
SNA,SANDAL & AGBRIGG
SDB,SANDBACH
SNR,SANDERSTEAD
SDL,SANDHILLS
SND,SANDHURST
SDG,SANDLING
SAN,SANDOWN
SDP,SANDPLACE
XSA,SANDRINGHAM NORWICH GATES
SAD,SANDWELL & DUDLEY
SDW,SANDWICH
SDY,SANDY
SNK,SANKEY FOR PENKETH
SQH,SANQUHAR
SRR,SARN
SDF,SAUNDERSFOOT
SDR,SAUNDERTON
SAW,SAWBRIDGEWORTH
SXY,SAXILBY
SAX,SAXMUNDHAM
SCA,SCARBOROUGH
SCT,SCOTSCALDER
SCH,SCOTSTOUNHILL
SCB,SCRABSTER
SCU,SCUNTHORPE
SML,SEA MILLS
SEB,SEABURN
SEF,SEAFORD
SFL,SEAFORTH & LITHERLAND
SEA,SEAHAM
SIB,SEAHOUSES BUS
SEM,SEAMER
SSC,SEASCALE
SEC,SEATON CAREW
SSF,SEATON SEA FRONT
SRG,SEER GREEN
SBY,SELBY
SRS,SELHURST
XSH,SELHURST T&R.S.M.D
SKK,SELKIRK
SEL,SELLAFIELD
SEG,SELLING
SLY,SELLY OAK
SET,SETTLE
SVK,SEVEN KINGS
SVS,SEVEN SISTERS
SEV,SEVENOAKS
SVB,SEVERN BEACH
SRB,SEVERN TNL JN ROGIET POOL
STJ,SEVERN TUNNEL JN
XVT,SEVINGTON SIDINGS
SDE,SHADWELL
SWH,SHAFTESBURY TOWN HALL
SFR,SHALFORD
SHN,SHANKLIN
SHA,SHAW & CROMPTON (METRO)
SFI,SHAWFAIR
SHW,SHAWFORD
SHL,SHAWLANDS
XXS,SHEERNESS STEEL WORKS
SSS,SHEERNESS-ON-SEA
SHF,SHEFFIELD
SAI,SHEFFIELD ARENA
SHQ,SHEFFIELD CATHEDRAL
SED,SHELFORD
SNF,SHENFIELD
SEN,SHENSTONE
SPB,SHEPHERD'S BUSH
SPH,SHEPHERDS WELL
SPY,SHEPLEY
SHP,SHEPPERTON
STH,SHEPRETH
XSP,SHEPRETH BRANCH JN
SHE,SHERBORNE
SIE,SHERBURN-IN-ELMET
SHM,SHERINGHAM
SLS,SHETTLESTON
SDM,SHIELDMUIR
XGW,SHIELDS T.M.D. (E)
SFN,SHIFNAL
SHD,SHILDON
SHI,SHIPLAKE
SHY,SHIPLEY
SPP,SHIPPEA HILL
SIP,SHIPTON
SHB,SHIREBROOK
SHH,SHIREHAMPTON
SRO,SHIREOAKS
SRL,SHIRLEY
SRY,SHOEBURYNESS
SHO,SHOLING
SDC,SHOREDITCH HIGH STREET
SEH,SHOREHAM (KENT)
SSE,SHOREHAM-BY-SEA
SRT,SHORTLANDS
XOR,SHORTLANDS JN
SHX,SHOTTLE
SHT,SHOTTON
SHS,SHOTTS
SHR,SHREWSBURY
XSY,SHREWSBURY ABBEY FOREGATE
SID,SIDCUP
SIL,SILEBY
SIC,SILECROFT
SLK,SILKSTONE COMMON
SLV,SILVER STREET
SVR,SILVERDALE
SFC,SINFIN CENTRAL
SIR,SINFIN NORTH
SIN,SINGER
XXN,SINGLEWELL CROSSOVER
SIT,SITTINGBOURNE
SKG,SKEGNESS
SKE,SKEWEN
SKI,SKIPTON
SGR,SLADE GREEN
XGX,SLADE GREEN COUNTRY EXIT
SWT,SLAITHWAITE
SLA,SLATEFORD
SLR,SLEAFORD
SLH,SLEIGHTS
SLO,SLOUGH
SMA,SMALL HEATH
XOH,SMALL HEATH SOUTH JN
SAB,SMALLBROOK JUNCTION
SGB,SMETHWICK GALTON BDG H.L.
SMW,SMETHWICK JN
SMR,SMETHWICK ROLFE STREET
SMB,SMITHY BRIDGE
SNI,SNAITH
SDA,SNODLAND
SWO,SNOWDOWN
XSZ,SOHO L.M.D.
XOS,SOHO SOUTH JN
SOR,SOLE STREET
SOL,SOLIHULL
SYT,SOMERLEYTON
SAT,SOUTH ACTON
SBK,SOUTH BANK
SBM,SOUTH BERMONDSEY
SCY,SOUTH CROYDON
SES,SOUTH ELMSALL
SGH,SOUTH GOSFORTH
SGN,SOUTH GREENFORD
SGL,SOUTH GYLE
SOH,SOUTH HAMPSTEAD
SHZ,SOUTH HYLTON
ZSK,SOUTH KENSINGTON LT
SOK,SOUTH KENTON
SMO,SOUTH MERTON
SOM,SOUTH MILFORD
SRU,SOUTH RUISLIP
STO,SOUTH TOTTENHAM
SWS,SOUTH WIGSTON
ZSI,SOUTH WIMBLEDON LT
SOF,SOUTH WOODHAM FERRERS
STL,SOUTHALL
SOA,SOUTHAMPTON AIRPORT PARKWY
SOU,SOUTHAMPTON CENTRAL
XFW,SOUTHAMPTON DOWN LOOP
XSN,SOUTHAMPTON EASTERN DOCKS
STQ,SOUTHAMPTON TOWN QUAY
XFX,SOUTHAMPTON UP GOODS LOOP
XSK,SOUTHAMPTON WESTERN DOCKS
SOB,SOUTHBOURNE
SBU,SOUTHBURY
SEE,SOUTHEASE
SEZ,SOUTHEASE (CHURCH)
SSA,SOUTHEASE A26
SIA,SOUTHEND AIRPORT
SOC,SOUTHEND CENTRAL
SOE,SOUTHEND EAST
SOV,SOUTHEND VICTORIA
XRH,SOUTHERHAM JN
SFS,SOUTHFIELDS
XXP,SOUTHFLEET CROSSOVER
XXO,SOUTHFLEET JUNCTION
SMN,SOUTHMINSTER
SOP,SOUTHPORT
SOZ,SOUTHPORT (LORD STREET)
SHV,SOUTHSEA HOVERPORT
SLZ,SOUTHWELL WESTGATE
SWK,SOUTHWICK
XSO,SOUTHWOLD BUS
SOW,SOWERBY BRIDGE
XSU,SPA ROAD JN
SPA,SPALDING
SBR,SPEAN BRIDGE
XSD,SPEKELAND ROAD
SPI,SPITAL
SPO,SPONDON
SPN,SPOONER ROW
SRI,SPRING ROAD
SPR,SPRINGBURN
SPF,SPRINGFIELD
XSR,SPRINGHEAD JUNCTION (CTRL)
SQU,SQUIRES GATE
SAA,ST ALBANS ABBEY
SAC,ST ALBANS CITY
SAO,ST ANDREWS BUS STATION
XON,ST ANDREWS JN (WEST MIDS)
SAR,ST ANDREWS ROAD
SAS,ST ANNES-ON-THE-SEA
SAU,ST AUSTELL
SBS,ST BEES
SBF,ST BUDEAUX FERRY ROAD
SBV,ST BUDEAUX VICTORIA ROAD
SCR,ST COLUMB ROAD
SDN,ST DENYS
SER,ST ERTH
SGM,ST GERMANS
SNH,ST HELENS CENTRAL
SHJ,ST HELENS JUNCTION
SIH,ST HELIER
JSY,ST HELIER (JERSEY)
SIV,ST IVES
SJS,ST JAMES STREET
SJP,ST JAMES' PARK
SAJ,ST JOHNS
SKV,ST KEYNE VILLAGE
SKN,ST KEYNE WISHING WELL HALT
XSM,ST LEONARDS RLY ENG LTD
SLQ,ST LEONARDS WARRIOR SQ
XSE,ST LEONARDS WM CSD.
SMG,ST MARGARETS
SMT,ST MARGARETS (HERTS)
SMY,ST MARY CRAY
XMU,ST MARY CRAY JN
STM,ST MICHAELS
SNO,ST NEOTS
XEI,ST NEOTS CAMBRIDGE STREET
STP,ST PANCRAS INTERNATIONAL
GUS,ST PETER PORT (GUERNSEY)
XPM,ST PHILIPS MRSH H S T D
SJN,ST. JAMES (NEWCASTLE)
SMQ,ST. MARYS QUAY
STZ,ST. PETERS
STI,STADIUM OF LIGHT STN T&WM
STA,STAFFORD
SNS,STAINES
XFY,STAINES C.H.S.
XFZ,STAINES UP LOOP
SLL,STALLINGBOROUGH
SYB,STALYBRIDGE
SMD,STAMFORD
SMH,STAMFORD HILL
SFO,STANFORD-LE-HOPE
SNP,STANHOPE
SNT,STANLOW & THORNTON
ZSM,STANMORE (LUL)
SSD,STANSTED AIRPORT
XTH,STANSTED AIRPORT BUS STOP
SST,STANSTED MOUNTFITCHET
SPU,STAPLEHURST
SRD,STAPLETON ROAD
SBE,STARBECK
SCS,STARCROSS
SVL,STAVELEY
SCF,STECHFORD
SON,STEETON & SILSDEN
SPS,STEPPS
SVG,STEVENAGE
STV,STEVENSTON
SWR,STEWARTBY
STT,STEWARTON
XSL,STEWARTS LANE T&R.S.M.D
STG,STIRLING
XJS,STOATS NEST JN.
SPT,STOCKPORT
SKS,STOCKSFIELD
SSM,STOCKSMOOR
STK,STOCKTON
SKM,STOKE MANDEVILLE
SKW,STOKE NEWINGTON
XSW,STOKE WORKS JN
SOT,STOKE-ON-TRENT
SNE,STONE
SCG,STONE CROSSING
SCN,STONE CROWN STREET
SGQ,STONE GRANVILLE SQUARE
SBP,STONEBRIDGE PARK
SOG,STONEGATE
STN,STONEHAVEN
SHU,STONEHOUSE
SNL,STONELEIGH
SOY,STORNOWAY
XSF,STOURBRIDGE JN GOODS LOOP
SBJ,STOURBRIDGE JUNCTION
SBT,STOURBRIDGE TOWN
SOI,STOW
SMK,STOWMARKET
STR,STRANRAER
SWP,STRANRAER WEST PIER
SRA,STRATFORD
SDI,STRATFORD INTERNATIONAL
SFA,STRATFORD INTL (DOMESTIC)
XXQ,STRATFORD INTL E JN
XXR,STRATFORD INTL W JN
XSV,STRATFORD OLD YD. C.H.S.
STY,STRATFORD PARKWAY
SAV,STRATFORD-UPON-AVON
STC,STRATHCARRON
STW,STRAWBERRY HILL
XSX,STRAWBERRY HILL C.S.D.
STE,STREATHAM
SRC,STREATHAM COMMON
SRH,STREATHAM HILL
XSS,STREATHAM HILL C.S.D.
XCU,STREET LEIGH RD / CRISPIN HA
SHC,STREETHOUSE
SRF,STRETFORD
SRN,STRINES
STF,STROMEFERRY
SOS,STROMNESS
SOO,STROOD
STD,STROUD
STU,STURRY
SYA,STYAL
SUY,SUDBURY
SUD,SUDBURY & HARROW ROAD
SDH,SUDBURY HILL HARROW
SUG,SUGAR LOAF
SUM,SUMMERSTON
SUU,SUNBURY
SUN,SUNDERLAND
SUP,SUNDRIDGE PARK
SNG,SUNNINGDALE
SNY,SUNNYMEADS
SUR,SURBITON
SCE,SURREY CANAL ROAD
SQE,SURREY QUAYS
SUO,SUTTON (SURREY)
SUT,SUTTON COLDFIELD
SUC,SUTTON COMMON
SPK,SUTTON PARKWAY
SWB,SWAFFHAM MARKET PLACE
SWL,SWALE
SGE,SWANAGE
SAY,SWANLEY
XSQ,SWANLEY C.H.S.
SWM,SWANSCOMBE
SWA,SWANSEA
SWF,SWANSEA DOCKS
XMA,SWANSEA MALIPHANT CSD
SNW,SWANWICK
SWY,SWAY
SWG,SWAYTHLING
SWD,SWINDERBY
SWC,SWINDERBY A46 ROUNDABOUT
SWI,SWINDON
XDK,SWINDON BUS STATION
XSJ,SWINDON TRANSFER
SWE,SWINESHEAD
SNN,SWINTON
SWN,SWINTON (S.YORKS)
SYD,SYDENHAM
SYH,SYDENHAM HILL
SYL,SYON LANE
SYS,SYSTON
TAC,TACKLEY
TAD,TADWORTH
TTA,TADWORTH (THE AVENUE)
TAF,TAFFS WELL
TAI,TAIN
TLC,TAL-Y-CAFN
TAL,TALSARNAU
TLB,TALYBONT
TAB,TAME BRIDGE PARKWAY
TAH,TAMWORTH
TAM,TAMWORTH LOW LEVEL
TAP,TAPLOW
TBT,TARBERT
TAT,TATTENHAM CORNER
TAU,TAUNTON
XDQ,TAUNTON STATION FORECOURT
XCV,TAVISTOCK BUS STATION
TAY,TAYNUILT
XIT,TEBAY
TED,TEDDINGTON
TVA,TEES VALLEY AIRPORT
TEA,TEES-SIDE AIRPORT
TGM,TEIGNMOUTH
TFC,TELFORD CENTRAL
XTA,TEMPLE MILLS EAST JN.
XTM,TEMPLE MILLS S.S.
TMC,TEMPLECOMBE
TEN,TENBY
TEY,TEYNHAM
THD,THAMES DITTON
THP,THANET PARKWAY
THA,THATCHAM
THH,THATTO HEATH
THW,THE HAWTHORNS
TLK,THE LAKES
THE,THEALE
TEO,THEOBALDS GROVE
TTF,THETFORD
THI,THIRSK
TBY,THORNABY
XTE,THORNABY T.M.D. (E.W.S.)
TNN,THORNE NORTH
TNS,THORNE SOUTH
THO,THORNFORD
THB,THORNLIEBANK
TNA,THORNTON ABBEY
XTJ,THORNTON H.S.
TTH,THORNTON HEATH
THT,THORNTONHALL
TPB,THORPE BAY
TPC,THORPE CULVERT
TLS,THORPE-LE-SOKEN
TBD,THREE BRIDGES
XTB,THREE BRIDGES VOYAGER M.D.
TOK,THREE OAKS
THU,THURGARTON
THC,THURNSCOE
THS,THURSO
TRS,THURSTON
TBR,TILBURY RIVERSIDE
TIL,TILBURY TOWN
THL,TILE HILL
TLH,TILEHURST
TIM,TIMPERLEY
TIN,TINSLEY MEADOWHALL
XCY,TINTAGEL LANGLEY'S SHOP
TIP,TIPTON
TIR,TIR-PHIL
TEE,TIREE
TIS,TISBURY
XDA,TIVERTON BUS STATION
TVP,TIVERTON PARKWAY
TOB,TOBERMORY
TOD,TODMORDEN
TOL,TOLWORTH
TPN,TON PENTRE
TON,TONBRIDGE
XTW,TONBRIDGE WEST YARD
TDU,TONDU
TNF,TONFANAU
TNP,TONYPANDY
TOO,TOOTING
TOP,TOPSHAM
TQY,TORQUAY
TRR,TORRE
TOT,TOTNES
XDP,TOTNES DOWN STN FORECOURT
TCR,TOTTENHAM COURT ROAD
TOM,TOTTENHAM HALE
TTN,TOTTON
ZTG,TOWER GATEWAY DLR
ZTH,TOWER HILL L.T.
TWN,TOWN GREEN
TRA,TRAFFORD PARK
TRL,TRALEE
XTO,TRECYNON BUS
XTV,TREDEGAR BUS
TRF,TREFFOREST
TRE,TREFFOREST ESTATE
TRH,TREHAFOD
TRB,TREHERBERT
XTR,TRENT EAST JN
XTG,TRENT SOUTH JN
TRY,TREORCHY
TRM,TRIMLEY
TRI,TRING
TRD,TROED Y RHIW
TRN,TROON
TRO,TROWBRIDGE
TRU,TRURO
XLT,TUEBROOK SIDINGS
TUL,TULLOCH
TUH,TULSE HILL
TBW,TUNBRIDGE WELLS
TUR,TURKEY STREET
ZTU,TURNHAM GREEN LT
TUT,TUTBURY & HATTON
TWB,TWEEDBANK
TWI,TWICKENHAM
TWY,TWYFORD
TYC,TY CROES
TGS,TY GLAS
TYG,TYGWYN
TYR,TYLORSTOWN
TYL,TYNDRUM LOWER
TYN,TYNE S.S.
TYP,TYNEMOUTH (METRO)
TYS,TYSELEY
XTS,TYSELEY L.M.D.
TYW,TYWYN
UCK,UCKFIELD
UDD,UDDINGSTON
UIG,UIG
ULC,ULCEBY
ULP,ULLAPOOL
ULL,ULLESKELF
ULV,ULVERSTON
UMB,UMBERLEIGH
UNI,UNIVERSITY
UNV,UNIVERSITY (SUNDERLAND)
XTN,UP REDHILL BRANCH C.H.S.
UHA,UPHALL
UPL,UPHOLLAND
UPM,UPMINSTER
ZUM,UPMINSTER L.T.
UPH,UPPER HALLIFORD
UHL,UPPER HOLLOWAY
UTY,UPPER TYNDRUM
UWL,UPPER WARLINGHAM
XUM,UPPERBY T.M.D.
UPT,UPTON
UPW,UPWEY
URM,URMSTON
UTT,UTTOXETER
VAL,VALLEY
VAE,VALLEY CENTERTAINMENT
VXH,VAUXHALL
VTN,VENTNOR BUS TERMINAL
XVC,VICTORIA C.H.S.
XVR,VICTORIA CARRIAGE ROAD
VIR,VIRGINIA WATER
XVJ,VOLTAIRE ROAD JN.
WDO,WADDON
WBE,WADEBRIDGE BUS STATION
WAD,WADHURST
WBG,WADSLEY BRIDGE RECP.
WFL,WAINFLEET
WKK,WAKEFIELD KIRKGATE
WKF,WAKEFIELD WESTGATE
WKD,WALKDEN
WLG,WALLASEY GROVE ROAD
WLV,WALLASEY VILLAGE
XWX,WALLINGFORD MARKET PLACE
WLT,WALLINGTON
WAF,WALLYFORD
WAM,WALMER
WSL,WALSALL
WDN,WALSDEN
WLC,WALTHAM CROSS
WHC,WALTHAMSTOW CENTRAL
WMW,WALTHAMSTOW QUEEN'S ROAD
WAO,WALTON (MERSEYSIDE)
WAL,WALTON-ON-THAMES
WON,WALTON-ON-THE-NAZE
WAN,WANBOROUGH
WSW,WANDSWORTH COMMON
WWR,WANDSWORTH ROAD
WNT,WANDSWORTH TOWN
WNP,WANSTEAD PARK
XDC,WANTAGE MARKET PLACE
WPE,WAPPING
WBL,WARBLINGTON
WAR,WARE
WRM,WAREHAM
XGA,WAREHAM DOWN SIDING
WGV,WARGRAVE
WMN,WARMINSTER
WNH,WARNHAM
WBQ,WARRINGTON BANK QUAY
WAC,WARRINGTON CENTRAL
WAW,WARRINGTON WEST
WRW,WARWICK
ZWV,WARWICK AVENUE LT
WRP,WARWICK PARKWAY
XWU,WARWICK UNIVERSITY
XXE,WASHWOOD HEATH MET.CAMMEL
WCT,WATCHET (WEST SOMERSET RY)
WTO,WATER ORTON
WBC,WATERBEACH
WFD,WATERFORD
WTR,WATERINGBURY
XWA,WATERLOO C.H.S.
ZWA,WATERLOO LUL
WVP,WATERLOOVILLE (PRECINCT)
WFH,WATFORD HIGH STREET
WFJ,WATFORD JUNCTION
ZWT,WATFORD LUL
WFN,WATFORD NORTH
WTG,WATLINGTON
WAS,WATTON-AT-STONE
WNG,WAUN-GRON PARK
XWT,WAVERTREE P.C.D. (OOU)
WAV,WAVERTREE TECHNOLOGY PARK
WMT,WEASTE (METROLINK)
XYJ,WEAVER JN
WED,WEDGWOOD
WEO,WEDGWOOD ENTRANCE OLD ROAD
WER,"WEDGWOOD, WEDGWOOD LANE"
XWZ,WEEDON
WEE,WEELEY
WET,WEETON
WMG,WELHAM GREEN
WLI,WELLING
WEL,WELLINGBOROUGH
WLN,WELLINGTON (SHROPSHIRE)
WEN,WELLS NEXT THE SEA
XDH,"WELLS, PRINCES ROAD"
WLP,WELSHPOOL
XYW,WELWYN G.C C.S.D.
WGC,WELWYN GARDEN CITY
WLW,WELWYN NORTH
WEM,WEM
WMB,WEMBLEY CENTRAL
XWF,WEMBLEY INTER CITY DEPOT
XWY,WEMBLEY LMD
WCX,WEMBLEY STADIUM
WMS,WEMYSS BAY
WND,WENDOVER
WNN,WENNINGTON
XXU,WENNINGTON CROSSOVERS
WSA,WEST ALLERTON
WBP,WEST BROMPTON
WBY,WEST BYFLEET
WCL,WEST CALDER
WTW,WEST COWES
WCY,WEST CROYDON
WDT,WEST DRAYTON
WDU,WEST DULWICH
WEA,WEST EALING
WEH,WEST HAM HIGH LEVEL
ZWZ,WEST HAM LT
WHD,WEST HAMPSTEAD
WHP,WEST HAMPSTEAD THAMESLINK
WHR,WEST HORNDON
WKB,WEST KILBRIDE
WKI,WEST KIRBY
WMA,WEST MALLING
WNW,WEST NORWOOD
WRU,WEST RUISLIP
WRN,WEST RUNTON
WLD,WEST ST LEONARDS
WSG,WEST STREET
WSU,WEST SUTTON
WWI,WEST WICKHAM
WWO,WEST WORTHING
XWW,WEST WORTHING SHED
WSB,WESTBURY
XDS,WESTBURY STATION APPROACH
WCF,WESTCLIFF
WCB,WESTCOMBE PARK
WHA,WESTENHANGER
XXX,WESTENHANGER CROSSOVERS
WTA,WESTER HAILES
WFI,WESTERFIELD
WES,WESTERTON
WGA,WESTGATE-ON-SEA
WHG,WESTHOUGHTON
WNM,WESTON MILTON
WSM,WESTON-SUPER-MARE
WRL,WETHERAL
WXF,WEXFORD
WYB,WEYBRIDGE
WEY,WEYMOUTH
XWJ,WEYMOUTH C.H.S.
XGB,WEYMOUTH JERSEY SIDING
WYQ,WEYMOUTH QUAY
WBR,WHALEY BRIDGE
WHE,WHALLEY
WTS,WHATSTANDWELL
WFF,WHIFFLET
WHM,WHIMPLE
WNL,WHINHILL
WHN,WHISTON
XQW,WHITACRE JN
WTB,WHITBY
WTZ,WHITBY BUS STATION
WHT,WHITCHURCH (CARDIFF)
WCH,WHITCHURCH (HANTS)
WTC,WHITCHURCH (SHROPSHIRE)
WHL,WHITE HART LANE
WNY,WHITE NOTLEY
ZLW,WHITECHAPEL
WHX,WHITECHAPEL CROSSRAIL
WCR,WHITECRAIGS
WTF,WHITEFIELD
WTH,WHITEHAVEN
WHH,"WHITEHILL, PRINCE OF WALES"
WTL,WHITLAND
WBD,WHITLEY BRIDGE
XWH,WHITLINGHAM JN
WTE,WHITLOCKS END
WHI,WHITSTABLE
WLE,WHITTLESEA
WLF,WHITTLESFORD PARKWAY
WTN,WHITTON
WWL,WHITWELL
WHY,WHYTELEAFE
WHS,WHYTELEAFE SOUTH
XWE,WICHNOR JN
WCK,WICK
WIC,WICKFORD
WCM,WICKHAM MARKET
WKL,WICKLOW
WDD,WIDDRINGTON
WID,WIDNES
WMR,WIDNEY MANOR
XWM,WIGAN L.I.P.
WGN,WIGAN NORTH WESTERN
WGW,WIGAN WALLGATE
XWG,WIGAN WALLGATE UP C.S.
WGT,WIGTON
WMI,WILDMILL
WJL,WILLESDEN JN LOW LEVEL
WJH,WILLESDEN JN. HIGH LEVEL
XXW,WILLESDEN NO7
XRN,WILLESDEN PRDC
XWS,WILLESDEN S.W.S.
XWI,WILLESDEN WEST LONDN JN
WLM,WILLIAMWOOD
XIL,WILLINGDON JN
WIL,WILLINGTON
WMC,WILMCOTE
WML,WILMSLOW
WNE,WILNECOTE
WIM,WIMBLEDON
XWD,WIMBLEDON C.H.S.
WBO,WIMBLEDON CHASE
WPK,WIMBLEDON PARK
XWP,WIMBLEDON PARK C.S.D.
WSE,WINCHELSEA
WNI,WINCHELSEA - NEW INN
WIN,WINCHESTER
XGC,WINCHESTER BALTIC SIDING
WNF,WINCHFIELD
WIH,WINCHMORE HILL
WDM,WINDERMERE
WNC,WINDSOR & ETON CENTRAL
WNR,WINDSOR & ETON RIVERSIDE
WNS,WINNERSH
WTI,WINNERSH TRIANGLE
WSF,WINSFORD
WIS,WISBECH BUS STATION
WSH,WISHAW
WTM,WITHAM
WIU,WITHAM ST HUGHES
WTY,WITLEY
WMP,WITNEY MARKET PLACE
WTT,WITTON
WTP,WITTON PARK
WVF,WIVELSFIELD
WIV,WIVENHOE
WOB,WOBURN SANDS
WOK,WOKING
XWO,WOKING C.H.S.
XWQ,WOKING DOWN RECP
XGE,WOKING EAST END SIDINGS
XGF,WOKING UP C.H.S.
WKM,WOKINGHAM
XGG,WOKINGHAM DOWN SIDING
WOH,WOLDINGHAM
WVH,WOLVERHAMPTON
WOL,WOLVERTON
XGH,WOLVERTON WORKS
WOM,WOMBWELL
WDE,WOOD END
WST,WOOD STREET
WDB,WOODBRIDGE
WOD,WOODBURN ROAD
WGR,WOODGRANGE PARK
WDL,WOODHALL
WDH,WOODHOUSE
WDR,WOODLANDS ROAD
WDS,WOODLESFORD
WLY,WOODLEY
WDY,WOODLEY (HUNTERS INN)
WME,WOODMANSTERNE
WSR,WOODSMOOR
WOO,WOOL
XGN,WOOLMER GREEN JN.
WLS,WOOLSTON
WWC,WOOLWICH
WWA,WOOLWICH ARSENAL
WWD,WOOLWICH DOCKYARD
XDI,WOOTTON BASSETT HIGH ST.
WWW,WOOTTON WAWEN
WOF,WORCESTER FOREGATE STREET
XWR,WORCESTER L.M.D.
WCP,WORCESTER PARK
WOS,WORCESTER SHRUB HILL
WPH,WORCESTERSHIRE PARKWAY HL
WOP,WORCESTERSHIRE PARKWAY LL
WKG,WORKINGTON
WOX,WORKINGTON (BUS STATION)
WRK,WORKSOP
WOR,WORLE
WPL,WORPLESDON
WRT,WORSTEAD
WRH,WORTHING
WRB,WRABNESS
WRY,WRAYSBURY
WRE,WRENBURY
WRS,WRESSLE
WXC,WREXHAM CENTRAL
WRX,WREXHAM GENERAL
WYE,WYE
WYM,WYLAM
WYL,WYLDE GREEN
WMD,WYMONDHAM
WYT,WYTHALL
YAL,YALDING
YRD,YARDLEY WOOD
YRM,YARM
YMH,YARMOUTH (I.O.W.)
XYA,YARMOUTH C.H.S.
YAE,YATE
YAT,YATTON
YEO,YEOFORD
YVB,YEOVIL BUS STATION
XGK,YEOVIL JN DOWN MAIN SDG
YVJ,YEOVIL JUNCTION
YVP,YEOVIL PEN MILL
YET,YETMINSTER
YNW,YNYSWEN
YOK,YOKER
XYD,YOKER C.S.
YRK,YORK
XYK,YORK SIEMENS TRANS SYSTEMS
XXV,YORK WAY NORTH JN
XXY,YORK WAY SOUTH JUNCTION
XYS,YORK YARD STH S.S.
YRT,YORTON
YSM,YSTRAD MYNACH
YSR,YSTRAD RHONDDA